State/Region/Division,California,Texas,New York,Florida,Illinois,Pennsylvania,Ohio,Michigan,Georgia,North Carolina,New Jersey,Virginia,Washington,Massachusetts,Indiana,Arizona,Wisconsin,Tennessee,Missouri,Maryland,Minnesota,Colorado,South Carolina,Alabama,Kentucky,Louisiana,Oregon,Connecticut,Oklahoma,Iowa,Kansas,Nevada,Utah,Arkansas,Puerto Rico,Mississippi,Nebraska,New Mexico,West Virginia,Idaho,New Hampshire,Maine,Hawaii,Rhode Island,Montana,South Dakota,Delaware,North Dakota,Vermont,Alaska,District of Columbia,Wyoming,US
1976-01,9.3,5.8,10.3,9.7,6.4,8.1,8.2,9.8,8.2,6.6,10.5,6.2,8.7,10.9,6.9,10.3,5.8,5.7,5.8,6.8,6.2,5.9,7.6,6.4,5.7,5.9,10.2,10.0,6.3,4.1,4.2,9.4,6.1,7.3,20.5,7.0,3.6,8.5,8.4,5.3,7.0,8.6,9.8,7.6,5.6,3.5,8.0,3.2,8.9,7.0,9.5,4.1,7.9
1976-02,9.1,5.8,10.2,9.7,6.4,8.0,8.1,9.7,8.1,6.4,10.3,5.9,8.5,10.7,6.5,10.3,6.1,5.8,5.5,6.5,5.8,5.4,7.5,6.2,5.4,6.1,9.6,9.6,6.1,4.1,4.0,9.3,5.6,7.1,20.2,6.8,3.5,8.6,7.7,5.3,6.9,8.5,10.0,7.7,5.7,3.4,8.0,3.2,8.6,7.0,9.4,3.6,7.7
1976-03,9.0,5.8,10.2,9.7,6.3,8.1,8.0,9.8,8.2,6.3,10.4,6.1,8.9,10.5,6.5,10.2,5.4,5.9,5.7,6.7,6.0,6.3,7.3,6.1,5.5,6.3,9.6,9.4,6.2,4.1,4.2,9.3,5.9,7.2,20.0,6.5,3.2,8.7,7.8,5.4,6.9,8.3,10.2,7.8,5.7,3.4,8.0,3.3,8.6,7.0,9.3,3.7,7.6
1976-04,9.0,5.8,10.2,9.4,6.2,8.1,7.9,9.7,8.2,6.3,10.4,6.0,8.8,10.3,6.2,10.0,5.3,6.0,5.9,6.6,5.7,5.5,7.2,6.1,5.6,6.4,9.5,9.4,6.0,4.1,4.2,9.2,5.7,7.1,18.6,6.2,3.0,8.8,7.8,5.4,6.9,8.2,9.8,7.8,5.7,3.2,8.1,3.2,8.4,6.9,9.3,3.7,7.7
1976-05,8.9,5.8,9.7,9.0,6.3,8.1,7.8,9.6,8.1,6.2,10.4,5.8,8.6,10.1,5.9,9.5,5.3,6.1,5.8,6.5,5.5,5.2,7.1,6.0,5.7,6.4,9.1,9.2,5.8,4.1,4.3,9.1,5.5,6.9,17.6,6.3,3.0,8.8,7.7,5.4,6.8,8.2,9.6,7.9,5.8,3.3,8.1,3.6,8.6,7.0,9.3,3.9,7.4
1976-06,9.0,5.8,10.4,9.2,6.8,8.0,7.6,9.6,8.0,6.2,10.5,5.7,8.9,9.8,5.8,9.6,5.3,6.2,6.1,6.4,5.7,5.7,6.9,6.3,5.6,6.6,9.0,9.2,5.7,4.1,4.3,9.0,5.5,6.8,19.7,6.5,3.0,8.8,7.5,5.5,6.7,8.3,9.2,8.0,5.8,3.2,8.1,3.7,9.0,7.2,9.2,4.2,7.6
1976-07,9.2,5.8,10.5,8.9,6.8,7.9,7.5,9.6,8.0,6.0,10.4,5.6,9.1,9.7,5.8,9.8,5.7,6.3,6.3,6.5,5.8,6.3,7.0,6.2,5.5,6.7,9.1,9.0,5.8,4.1,4.2,8.9,5.5,6.8,19.5,6.5,3.0,8.9,7.2,5.5,6.6,8.2,8.9,8.0,5.8,3.3,8.2,3.7,8.5,7.3,9.2,4.2,7.8
1976-08,9.2,5.8,10.3,8.9,6.8,7.8,7.5,9.0,8.0,6.0,10.5,5.9,9.1,9.5,5.9,9.6,5.4,6.3,6.3,6.4,5.9,6.1,7.1,6.4,5.6,7.2,9.1,9.1,5.6,4.1,4.2,8.8,5.6,6.9,19.8,6.5,3.1,8.9,7.0,5.5,6.6,8.5,9.1,8.1,5.9,3.3,8.2,3.9,8.5,7.7,9.1,4.3,7.8
1976-09,9.4,5.8,10.2,9.0,6.8,7.9,7.4,9.2,8.0,6.3,10.5,5.9,9.2,9.3,5.9,9.6,5.4,6.4,6.7,6.7,6.0,6.4,6.8,6.6,5.5,6.6,9.3,9.0,5.4,4.1,4.1,8.7,5.5,6.6,19.2,6.7,3.2,8.9,6.9,5.5,6.5,8.5,9.0,8.1,5.9,3.6,8.2,4.0,8.5,8.1,9.2,4.4,7.6
1976-10,9.4,5.8,10.2,9.1,6.7,8.0,7.5,9.2,8.1,6.5,10.6,5.7,8.9,9.2,6.1,9.8,5.4,6.5,6.6,6.5,6.0,6.0,6.8,6.6,5.4,6.8,9.1,8.6,5.4,4.1,4.1,8.6,5.6,6.5,19.5,6.8,3.3,8.9,6.7,5.5,6.4,8.7,8.8,8.2,5.9,3.5,8.2,4.2,8.3,8.2,9.1,4.1,7.7
1976-11,9.4,5.7,10.2,9.2,6.6,8.0,7.6,9.1,8.1,6.3,10.6,5.7,8.8,9.0,5.9,9.5,5.8,6.5,6.5,6.7,6.0,6.4,6.9,6.7,5.5,6.9,9.1,8.5,5.5,4.0,4.2,8.4,5.6,6.6,20.5,7.2,3.4,8.8,6.8,5.6,6.3,8.9,8.6,8.2,5.9,3.6,8.2,4.3,8.2,8.7,9.0,3.9,7.8
1976-12,9.2,5.7,10.0,9.2,6.6,8.1,7.5,9.0,8.0,6.6,10.5,5.8,8.6,8.9,5.7,9.5,5.6,6.5,6.7,6.6,6.0,6.6,6.8,6.8,5.2,6.6,8.8,8.4,5.5,4.0,4.4,8.3,5.5,6.6,19.7,7.2,3.3,8.7,6.8,5.6,6.3,8.9,8.2,8.2,5.9,3.6,8.2,4.3,7.9,8.7,9.0,3.8,7.8
1977-01,9.0,5.6,10.0,9.3,6.0,8.1,7.2,8.8,7.9,6.7,10.6,5.8,8.8,8.8,5.6,9.4,5.3,6.5,6.7,6.8,6.0,5.7,7.0,6.9,4.9,7.0,8.8,8.2,5.7,4.0,4.5,8.0,5.6,6.7,20.0,6.8,3.3,8.6,6.6,5.6,6.4,8.9,8.5,8.2,5.9,3.7,8.2,4.5,7.7,8.4,8.9,3.7,7.5
1977-02,8.8,5.6,10.0,9.3,6.0,8.4,7.7,8.8,8.0,6.3,10.6,6.5,9.0,8.6,6.3,9.2,5.3,6.5,6.3,6.8,6.0,7.1,7.7,7.6,5.4,6.9,8.8,8.1,5.5,4.0,4.3,7.8,5.8,6.6,18.4,7.3,3.2,8.4,8.5,5.6,6.4,9.0,8.2,8.2,5.9,4.0,8.1,4.5,7.6,8.8,8.9,3.6,7.6
1977-03,8.7,5.5,9.6,9.1,5.9,7.9,7.0,8.7,7.6,6.3,10.2,6.0,9.2,8.5,5.6,9.1,5.6,6.4,6.0,6.7,5.8,7.4,7.4,7.3,5.1,7.1,8.6,7.9,5.6,4.0,4.2,7.6,5.8,6.4,19.9,7.3,3.2,8.2,6.9,5.6,6.3,9.0,7.9,8.1,5.9,3.9,8.1,4.8,7.4,9.1,8.8,3.0,7.4
1977-04,8.7,5.5,9.4,8.8,5.8,7.8,6.5,8.3,7.2,6.1,9.9,5.7,8.9,8.3,5.4,9.1,4.9,6.4,5.6,6.3,5.7,7.3,7.2,7.3,4.9,6.5,8.1,7.4,5.4,4.0,4.1,7.3,5.3,6.4,21.2,7.4,3.3,8.1,6.5,5.6,6.2,8.6,7.5,8.0,5.9,3.7,8.1,4.6,7.1,9.4,8.7,3.4,7.2
1977-05,8.6,5.4,9.5,8.7,5.9,7.6,6.4,8.2,7.0,6.0,9.6,5.5,8.7,8.2,5.7,8.6,4.9,6.4,5.8,6.1,5.5,6.2,6.9,7.2,4.6,6.4,7.9,7.1,5.5,4.0,4.0,7.1,5.3,6.2,21.5,7.7,3.2,7.9,6.3,5.6,6.0,8.2,7.4,7.9,5.9,3.5,8.0,4.4,7.1,9.8,8.6,3.5,7
1977-06,8.5,5.4,9.1,8.3,6.3,7.6,6.3,8.2,6.8,6.0,9.3,5.4,8.6,8.0,5.7,8.4,5.0,6.3,6.0,6.0,5.3,6.4,6.9,7.0,4.6,6.4,7.5,6.9,5.3,4.0,4.0,6.9,5.3,6.3,21.4,7.8,3.3,7.7,6.3,5.6,5.7,8.5,7.4,7.8,5.8,3.5,8.0,4.5,7.1,9.6,8.6,3.5,7.2
1977-07,8.3,5.4,8.9,8.0,6.3,7.5,6.1,8.2,6.8,5.9,9.0,5.4,8.6,7.8,5.8,7.8,4.9,6.3,6.0,5.8,5.4,6.3,6.6,6.9,4.4,6.6,7.1,6.9,4.8,3.9,4.0,6.6,5.1,6.4,20.8,7.6,3.2,7.5,6.3,5.6,5.5,8.5,7.4,7.7,5.8,3.3,7.9,4.6,6.9,9.9,8.5,3.4,6.9
1977-08,8.1,5.3,8.8,7.9,6.4,7.6,6.0,8.4,6.7,5.8,8.9,5.0,8.4,7.7,5.8,8.2,4.9,6.3,6.0,5.8,5.2,6.4,6.4,6.6,5.0,6.6,7.1,6.7,4.7,3.9,3.8,6.4,5.2,6.3,19.6,7.7,3.4,7.4,6.4,5.6,5.3,8.1,7.2,7.6,5.8,3.2,7.9,4.6,6.9,9.8,8.4,3.4,7
1977-09,8.1,5.3,8.9,7.7,6.4,7.5,6.1,8.1,6.5,5.7,8.8,5.1,8.1,7.5,5.9,8.1,5.1,6.2,5.7,5.7,5.1,6.3,6.5,6.4,4.9,6.9,6.9,6.7,4.7,3.9,3.8,6.2,5.0,6.3,19.8,7.8,3.7,7.2,6.4,5.5,5.2,7.9,7.5,7.5,5.8,3.2,7.8,4.6,7.2,9.8,8.3,3.5,6.8
1977-10,8.0,5.3,8.8,7.7,6.5,7.4,6.0,7.8,6.4,5.5,8.6,5.2,7.9,7.3,5.7,8.0,4.9,6.2,5.7,6.0,4.9,6.4,6.4,6.2,5.0,6.9,6.6,6.6,4.5,3.9,3.7,6.0,5.1,6.3,19.1,7.7,3.9,7.0,6.4,5.5,4.9,7.7,8.1,7.4,5.8,3.2,7.7,4.7,7.0,10.1,8.2,3.6,6.8
1977-11,7.9,5.2,8.8,7.7,6.5,7.4,5.9,7.7,6.4,5.5,8.4,5.3,7.5,7.2,5.7,7.7,4.8,6.2,5.6,5.8,4.6,6.2,6.5,6.2,5.0,7.1,6.2,6.4,4.3,3.9,3.7,5.7,5.0,6.3,19.0,7.7,3.8,6.9,6.3,5.5,4.7,7.7,8.1,7.2,5.8,3.1,7.7,4.5,6.8,10.2,8.1,3.2,6.8
1977-12,7.6,5.2,8.6,7.5,6.3,7.5,5.9,7.5,6.0,5.2,8.2,5.4,6.6,7.0,5.8,7.3,5.0,6.1,5.7,5.9,4.6,6.2,6.2,6.1,5.1,7.6,6.2,6.1,4.2,3.9,3.5,5.5,4.7,6.4,18.6,7.6,3.5,6.8,6.7,5.5,4.6,7.4,7.7,7.1,5.8,3.2,7.6,4.5,6.7,10.4,7.9,3.2,6.4
1978-01,7.5,5.1,8.3,7.4,6.5,7.4,5.7,7.2,5.9,5.5,7.8,5.4,7.0,6.8,5.7,6.9,5.0,6.1,5.6,5.9,4.2,6.5,5.9,6.2,5.3,7.7,5.8,5.8,4.1,3.9,3.3,5.3,4.7,6.0,18.8,7.4,3.7,6.6,6.8,5.5,4.4,7.0,7.2,7.0,5.8,3.2,7.5,4.6,6.2,11.0,7.8,2.5,6.4
1978-02,7.5,5.0,8.2,7.2,6.4,7.4,5.8,7.2,5.7,4.7,7.8,5.5,6.7,6.7,5.8,6.9,4.8,6.1,5.6,6.1,4.1,5.1,5.5,6.0,5.3,8.1,5.7,5.7,4.9,3.9,3.6,5.1,4.4,6.3,18.8,7.1,3.8,6.5,6.6,5.5,4.3,6.7,7.1,6.9,5.8,3.2,7.5,4.4,5.9,10.5,7.7,2.7,6.3
1978-03,7.5,5.0,8.1,7.0,6.3,7.3,5.8,7.0,5.7,4.6,7.5,5.5,6.8,6.5,5.8,6.4,4.6,6.0,5.3,6.1,3.8,6.0,5.8,6.0,5.2,7.7,5.7,5.5,4.3,3.9,3.5,5.0,4.4,6.1,18.0,7.2,3.9,6.4,6.9,5.5,4.2,6.5,6.9,6.7,5.7,3.2,7.4,4.2,5.5,11.0,7.6,2.4,6.3
1978-04,7.5,4.9,7.9,6.9,6.0,7.0,5.5,7.0,5.7,4.6,7.4,5.3,6.6,6.3,5.8,6.3,4.7,6.0,4.9,5.7,3.8,5.7,5.7,5.7,5.0,7.3,5.8,5.3,3.9,3.9,3.1,4.9,4.1,5.9,17.3,7.5,3.2,6.3,5.5,5.5,4.1,6.2,6.6,6.6,5.7,3.1,7.4,4.2,5.3,10.9,7.5,2.3,6.1
1978-05,7.4,4.9,7.9,6.8,6.2,6.9,5.4,6.9,5.7,4.7,7.3,5.2,6.7,6.2,5.5,6.0,4.7,5.9,4.5,5.6,4.1,5.4,5.8,5.5,5.1,7.0,6.0,5.1,3.5,3.9,3.1,4.8,3.9,5.9,17.6,7.4,2.7,6.3,5.4,5.5,4.0,6.2,6.7,6.5,5.6,3.2,7.3,4.0,5.3,11.1,7.4,3.0,6
1978-06,7.3,4.9,7.7,6.6,5.9,6.7,5.4,7.0,5.7,4.6,7.3,5.1,6.7,6.1,5.5,5.8,4.8,5.9,4.7,5.4,4.0,5.5,5.9,5.8,5.1,7.0,5.9,4.9,3.2,3.9,3.0,4.7,3.7,6.0,18.5,7.2,2.7,6.2,5.3,5.5,3.8,6.1,6.7,6.4,5.4,3.5,7.3,4.2,5.4,10.9,7.3,3.3,5.9
1978-07,7.3,4.8,7.7,6.6,6.0,6.8,5.3,7.1,5.7,4.4,7.2,4.9,6.7,6.1,5.5,5.6,4.9,5.9,4.9,5.5,4.0,5.4,5.8,5.7,5.4,6.3,6.0,4.9,3.1,3.9,3.0,4.7,3.4,6.1,16.8,7.4,2.7,6.2,5.5,5.5,3.8,6.2,6.7,6.3,5.3,3.6,7.3,4.1,5.5,10.6,7.2,3.3,6.2
1978-08,7.1,4.8,7.6,6.8,6.0,6.8,5.4,7.4,6.0,4.5,7.1,5.2,7.0,6.0,5.4,5.0,5.0,5.9,4.9,5.6,4.0,5.2,5.5,5.9,5.4,6.2,6.1,5.3,2.9,3.9,3.1,4.6,3.4,6.1,18.1,7.1,2.7,6.2,6.0,5.5,3.6,6.4,6.7,6.3,5.3,3.5,7.2,4.2,5.6,10.7,7.1,3.4,5.9
1978-09,6.9,4.8,7.6,6.7,5.8,6.7,5.5,6.9,5.8,4.3,7.0,5.2,7.1,5.9,5.5,5.7,4.8,5.9,4.6,5.5,3.9,5.3,5.5,6.1,5.4,6.2,6.6,5.2,3.2,3.9,3.0,4.6,3.7,6.3,18.1,6.8,2.6,6.2,6.3,5.6,3.5,6.4,6.7,6.3,5.3,3.1,7.2,4.1,5.5,10.6,7.1,3.7,6
1978-10,6.7,4.7,7.5,6.7,5.8,6.7,5.4,6.8,5.6,4.3,6.9,5.0,6.9,5.8,5.4,5.9,4.8,5.8,4.4,5.6,3.9,4.9,5.3,6.1,5.4,5.9,6.6,5.1,3.3,3.9,2.9,4.6,3.7,6.3,18.4,6.6,2.5,6.2,5.7,5.6,3.4,6.3,6.6,6.2,5.3,3.2,7.2,4.1,5.5,10.3,7.0,3.5,5.8
1978-11,6.6,4.6,7.3,6.6,5.6,6.7,5.4,7.0,5.7,4.4,6.8,5.0,6.5,5.8,5.3,6.1,4.8,5.8,4.4,5.6,3.8,5.0,5.1,6.2,5.2,5.8,6.5,5.1,3.5,4.0,3.0,4.7,3.8,6.3,17.7,6.3,2.4,6.3,5.9,5.6,3.3,6.1,6.2,6.2,5.3,3.2,7.1,4.3,5.4,10.1,6.9,3.1,5.9
1978-12,6.6,4.5,7.3,6.5,5.6,6.7,5.4,7.1,5.5,4.4,7.1,5.0,6.9,5.8,5.3,6.0,5.2,5.8,4.1,5.7,3.9,5.1,5.2,6.3,5.3,5.7,6.6,5.2,3.5,4.0,3.0,4.6,4.1,6.3,18.6,6.4,2.7,6.2,6.0,5.6,3.2,6.3,6.2,6.2,5.3,3.4,7.1,4.5,5.4,9.9,6.9,3.0,6
1979-01,6.5,4.4,7.3,6.4,5.3,6.8,5.7,7.0,5.4,4.2,7.0,4.9,6.6,5.8,5.3,5.9,4.6,5.8,4.0,5.6,4.1,4.6,5.1,6.4,5.5,5.7,7.1,5.3,3.3,4.0,3.0,4.6,3.9,6.5,17.6,6.1,2.5,6.3,6.3,5.6,3.2,6.1,6.1,6.2,5.3,3.6,7.1,4.1,5.2,9.2,6.9,2.1,5.9
1979-02,6.4,4.4,7.2,6.3,5.3,6.8,5.6,7.0,5.4,4.6,7.1,5.0,7.0,5.7,5.5,5.6,4.1,5.8,4.4,5.9,3.9,4.5,4.9,6.7,5.4,5.9,6.8,5.4,3.6,4.1,3.2,4.7,4.2,6.3,17.2,5.7,2.5,6.3,6.4,5.6,3.2,6.5,5.9,6.2,5.3,3.5,7.1,4.3,4.9,9.3,6.9,1.9,5.9
1979-03,6.3,4.3,7.2,6.2,5.4,6.7,5.5,7.2,5.3,4.6,7.1,4.8,6.6,5.6,5.5,5.3,4.1,5.8,4.2,5.8,3.8,4.4,5.0,6.8,5.5,6.0,6.8,5.4,3.3,4.1,3.0,4.7,3.8,6.1,17.3,5.7,2.4,6.3,6.3,5.6,3.2,6.5,5.7,6.2,5.3,3.5,7.1,4.1,4.6,9.0,6.9,2.1,5.8
1979-04,6.3,4.3,7.2,6.1,5.5,6.7,5.8,7.6,5.2,4.8,6.8,4.7,6.8,5.5,5.9,5.0,4.6,5.8,4.2,5.8,4.3,4.3,5.2,6.9,5.6,6.1,6.8,5.3,3.2,4.2,3.1,4.7,4.3,6.0,16.9,5.5,2.8,6.4,6.6,5.6,3.1,6.5,6.0,6.2,5.3,3.6,7.1,4.5,4.8,8.9,6.8,2.2,5.8
1979-05,6.2,4.3,7.0,6.0,5.2,6.6,5.6,7.3,5.1,4.8,6.9,4.7,6.7,5.4,5.8,5.0,4.4,5.9,4.3,5.7,4.3,4.9,4.9,6.8,5.4,6.2,6.8,5.2,3.1,4.2,3.0,4.8,4.3,5.8,16.8,5.0,2.8,6.4,6.6,5.6,3.0,6.6,5.9,6.3,5.2,3.4,7.1,4.4,4.7,9.0,6.8,2.2,5.6
1979-06,6.1,4.4,7.1,5.9,5.2,6.7,5.6,7.3,5.1,4.7,6.8,4.7,6.5,5.4,6.0,4.7,4.3,5.9,4.2,5.7,4.1,4.2,4.6,7.0,5.5,6.7,6.5,5.0,3.2,4.3,3.0,4.8,4.4,5.9,16.6,5.4,2.7,6.5,6.9,5.7,2.9,6.4,5.9,6.3,5.2,3.3,7.1,3.7,4.5,8.9,6.7,2.6,5.7
1979-07,6.1,4.4,7.2,6.0,5.2,6.8,5.8,7.6,5.0,4.7,6.8,4.5,6.4,5.4,6.5,4.6,4.6,6.0,4.4,5.7,4.2,4.5,4.3,7.0,5.7,6.6,6.6,5.2,3.2,4.4,3.2,4.9,4.4,5.9,16.3,5.3,2.9,6.6,7.1,5.8,3.0,6.7,5.6,6.3,5.3,3.2,7.1,3.6,5.0,9.0,6.6,2.8,5.7
1979-08,6.3,4.4,7.2,6.0,5.2,6.8,6.1,8.5,5.1,4.9,6.9,4.6,6.6,5.3,7.0,4.8,4.4,6.0,4.9,6.0,4.3,4.7,4.7,6.7,5.9,6.8,6.7,4.9,3.2,4.5,3.1,5.0,4.6,5.9,16.4,5.2,2.9,6.7,6.8,5.9,3.2,6.6,5.4,6.4,5.4,3.2,7.1,3.6,5.3,8.7,6.6,2.9,6
1979-09,6.3,4.4,7.2,6.0,5.7,6.8,6.0,8.4,4.9,5.1,6.8,4.6,6.9,5.3,7.0,4.9,4.5,6.1,5.0,5.8,4.4,4.7,5.0,6.7,5.8,6.8,6.5,5.1,3.2,4.5,3.2,5.0,4.7,6.0,17.4,5.9,3.0,6.7,7.1,5.9,3.3,6.8,5.2,6.4,5.4,3.3,7.1,3.8,5.1,9.1,6.6,3.2,5.9
1979-10,6.3,4.4,7.2,6.0,5.9,6.9,6.0,8.5,5.2,5.1,6.8,4.7,6.7,5.3,7.2,5.0,4.5,6.2,5.0,5.8,4.5,4.8,5.3,6.9,6.0,6.8,6.4,5.2,3.2,4.6,3.2,5.1,4.7,5.9,17.1,6.1,3.0,6.8,7.3,6.0,3.4,6.8,5.4,6.5,5.5,3.4,7.2,3.8,5.0,9.1,6.6,2.9,6
1979-11,6.1,4.5,7.2,5.9,6.2,7.0,6.2,8.8,5.1,5.2,6.8,4.7,6.5,5.3,7.2,5.2,4.8,6.3,5.3,5.9,4.6,4.7,5.3,7.0,6.0,6.9,6.4,5.2,3.3,4.7,3.1,5.2,4.9,6.0,17.5,6.3,2.9,7.0,7.7,6.1,3.5,6.7,5.8,6.6,5.6,3.5,7.2,4.1,5.1,9.1,6.7,2.8,5.9
1979-12,6.2,4.5,7.2,5.8,6.5,7.1,6.3,9.4,5.4,5.2,6.8,4.7,6.9,5.3,8.0,5.5,4.7,6.4,5.5,5.9,4.9,4.9,5.2,7.0,6.2,6.9,6.6,5.2,3.4,4.9,3.3,5.3,5.3,6.1,17.2,6.2,2.9,7.1,7.8,6.3,3.6,6.6,5.1,6.6,5.7,3.6,7.2,4.0,5.1,9.0,6.7,3.2,6
1980-01,6.2,4.6,7.3,5.8,6.8,7.3,6.5,10.1,5.5,5.2,6.6,4.7,7.0,5.3,8.1,5.9,5.2,6.5,5.8,6.2,5.2,4.5,5.6,7.1,6.4,6.8,7.0,5.4,3.1,5.0,3.4,5.5,5.5,6.2,17.2,6.6,2.9,7.2,8.1,6.4,3.7,6.8,4.8,6.7,5.8,3.8,7.2,4.1,5.0,8.3,6.8,3.1,6.3
1980-02,6.2,4.7,7.3,5.8,7.0,7.2,6.6,10.8,5.7,5.7,6.7,4.6,6.7,5.3,8.5,6.0,5.3,6.6,6.3,6.2,5.5,4.6,6.1,7.3,7.0,7.0,6.7,5.2,3.1,5.1,3.8,5.7,5.8,6.5,17.2,6.7,2.9,7.3,8.3,6.6,4.0,6.6,4.7,6.8,5.9,4.0,7.2,4.2,5.1,8.7,6.8,3.3,6.3
1980-03,6.3,4.8,7.3,5.7,7.2,7.5,6.7,11.2,5.9,5.8,6.9,4.7,6.9,5.4,8.8,6.3,5.7,6.8,6.6,6.3,5.8,4.6,6.0,7.5,7.1,6.7,7.2,5.3,3.1,5.2,3.9,5.9,5.8,6.6,17.3,6.9,3.3,7.4,8.8,6.8,4.2,6.7,4.6,6.9,6.0,4.3,7.3,4.4,5.2,9.0,6.9,3.4,6.3
1980-04,6.7,5.0,7.5,5.8,7.3,7.7,7.2,11.9,6.2,6.0,7.0,5.0,7.6,5.5,9.3,6.5,6.6,6.9,7.0,6.5,6.0,5.5,6.1,7.8,7.4,6.7,8.3,5.5,3.3,5.4,4.5,6.1,6.2,7.1,17.2,7.1,3.8,7.6,9.3,6.9,4.4,7.5,4.6,6.9,6.1,4.7,7.3,4.9,5.6,9.7,7.0,3.3,6.9
1980-05,7.0,5.1,7.7,6.0,8.0,7.9,9.3,12.6,6.4,6.3,7.4,5.1,7.9,5.7,10.3,7.3,7.4,7.1,7.3,6.6,5.9,6.3,6.5,8.4,7.8,6.9,9.1,5.8,3.4,5.5,4.7,6.3,6.4,7.6,17.0,7.6,4.1,7.6,9.1,7.0,4.6,7.5,4.7,7.0,6.2,4.9,7.3,4.8,6.2,9.5,7.1,3.9,7.5
1980-06,7.2,5.2,7.6,6.0,8.6,8.2,9.7,13.0,6.8,6.8,7.5,5.5,8.5,5.8,11.1,7.5,7.3,7.3,7.7,6.7,6.4,6.5,6.8,8.7,8.4,6.4,9.3,6.0,5.7,5.6,5.0,6.6,6.7,7.7,16.3,7.8,4.3,7.7,9.7,7.2,4.8,7.8,4.8,7.1,6.3,4.9,7.4,5.3,6.6,9.9,7.1,4.1,7.6
1980-07,7.1,5.3,7.8,6.2,9.0,8.6,9.9,13.2,6.9,7.4,7.6,5.7,8.5,5.9,10.9,7.5,7.4,7.4,7.7,6.9,6.4,6.8,7.1,9.5,8.7,6.2,9.3,6.3,5.6,5.7,5.0,6.7,6.9,7.9,16.6,8.0,4.3,7.8,10.2,7.2,4.9,7.8,4.8,7.2,6.4,5.1,7.4,5.6,7.5,9.9,7.2,4.3,7.8
1980-08,7.3,5.4,7.7,6.3,8.8,8.3,9.7,12.8,6.7,7.0,7.7,5.5,8.4,5.9,10.5,7.2,9.0,7.6,7.8,6.8,6.2,6.7,6.9,9.3,8.8,6.3,9.0,6.4,5.5,5.9,5.0,6.9,6.9,7.9,17.0,8.1,4.4,7.8,10.3,7.3,5.0,8.0,4.9,7.3,6.4,5.0,7.4,5.5,7.3,9.8,7.3,4.3,7.7
1980-09,7.2,5.4,7.6,6.5,8.8,8.2,9.5,12.8,6.5,6.8,7.5,5.4,8.4,5.9,10.1,6.9,8.7,7.7,7.7,6.8,6.2,6.6,7.1,9.0,9.0,6.9,8.9,6.3,5.5,6.0,4.9,7.0,6.9,7.9,16.9,8.1,4.3,7.8,10.3,7.3,5.1,7.9,5.1,7.3,6.5,4.9,7.5,5.5,7.0,9.7,7.6,4.3,7.5
1980-10,7.2,5.5,7.5,6.5,8.9,8.0,9.2,12.5,6.3,6.7,7.5,5.2,8.5,5.9,9.5,6.7,8.5,7.8,7.8,6.8,5.9,6.3,7.3,9.0,8.9,7.5,8.7,6.2,5.3,6.1,4.7,7.0,6.9,8.0,17.4,8.4,4.1,7.8,10.3,7.3,5.0,7.7,5.0,7.3,6.5,4.9,7.5,5.2,6.9,9.5,7.7,4.5,7.5
1980-11,7.1,5.5,7.5,6.4,8.8,8.0,9.0,12.2,6.2,6.5,7.5,5.2,8.3,5.9,9.2,6.6,8.1,8.0,7.7,6.8,5.7,6.0,7.1,8.9,8.8,7.4,8.7,6.2,4.8,6.2,4.7,7.1,6.8,8.1,17.3,8.4,4.1,7.7,10.5,7.3,4.8,7.5,4.9,7.3,6.5,5.0,7.6,5.1,6.6,9.2,7.8,4.5,7.5
1980-12,6.9,5.5,7.5,6.5,8.8,7.9,9.0,12.0,6.0,6.5,7.5,5.2,8.7,5.8,9.2,6.1,8.1,8.1,7.6,6.8,5.7,5.9,7.2,8.8,8.6,7.8,8.9,6.2,4.4,6.3,4.5,7.1,6.7,8.2,17.7,8.6,4.1,7.6,10.7,7.3,4.9,7.5,5.0,7.4,6.5,5.0,7.6,5.2,6.0,9.0,7.9,4.3,7.2
1981-01,7.0,5.5,7.6,6.6,8.7,7.9,9.3,12.3,6.1,6.4,7.6,5.4,8.1,5.9,9.3,5.9,7.9,8.2,7.5,6.9,5.6,5.9,7.2,8.8,8.5,8.1,9.0,6.0,3.9,6.4,4.3,7.1,6.6,8.2,17.9,8.3,3.8,7.5,11.1,7.2,4.9,7.4,5.0,7.4,6.5,5.2,7.6,5.1,5.6,8.8,8.1,4.2,7.5
1981-02,7.2,5.5,7.7,6.3,8.6,7.9,9.2,12.4,6.4,6.5,7.4,5.5,8.5,5.9,9.4,6.2,7.9,8.4,7.6,6.8,5.7,6.0,7.4,8.9,8.2,7.8,9.5,5.9,3.5,6.5,4.4,7.2,6.5,8.4,18.1,8.3,3.8,7.4,10.9,7.2,4.8,7.0,4.9,7.5,6.5,5.1,7.7,5.2,5.6,8.6,8.3,4.2,7.4
1981-03,7.1,5.4,7.6,6.4,8.7,7.9,9.1,12.3,6.2,6.4,7.5,5.5,8.6,6.0,9.3,6.3,8.2,8.5,7.4,6.7,5.6,5.8,7.5,9.0,8.3,8.2,9.4,5.7,3.2,6.6,4.3,7.2,6.7,8.5,18.1,8.5,3.8,7.3,11.1,7.2,4.9,6.9,4.8,7.5,6.6,4.9,7.7,5.1,5.4,8.4,8.4,4.6,7.4
1981-04,7.1,5.3,7.5,6.5,8.4,8.0,8.9,11.9,6.3,6.2,7.4,5.6,8.9,6.0,9.4,5.9,7.5,8.7,7.2,6.8,5.3,5.5,7.1,9.1,8.4,8.5,9.5,5.9,3.5,6.7,4.2,7.2,6.4,8.4,19.1,8.4,3.8,7.3,11.3,7.3,5.0,6.7,5.0,7.6,6.6,4.7,7.7,4.6,5.4,8.1,8.5,4.3,7.2
1981-05,7.0,5.3,7.5,6.6,8.4,8.1,9.1,11.9,6.3,6.1,7.3,5.7,9.0,6.2,9.4,5.7,7.6,8.9,7.3,6.9,5.6,5.5,7.4,9.3,8.5,8.3,9.4,5.9,3.5,6.8,4.2,7.2,6.4,8.4,19.3,8.3,3.9,7.2,11.5,7.3,4.9,6.9,5.1,7.7,6.7,4.8,7.8,4.8,5.6,8.5,8.7,4.1,7.5
1981-06,7.0,5.2,7.5,6.6,8.3,8.2,9.1,11.9,6.3,6.0,7.2,5.7,9.0,6.3,9.3,5.8,7.7,9.1,7.2,7.0,5.9,5.6,7.7,9.5,8.4,8.5,9.7,6.0,3.5,6.9,4.1,7.3,6.3,8.5,20.1,8.3,4.0,7.2,10.4,7.4,4.9,7.2,5.0,7.8,6.7,4.8,7.8,4.9,5.6,9.1,8.9,4.3,7.5
1981-07,7.2,5.2,7.5,6.8,8.2,8.2,9.3,12.1,6.3,5.7,7.3,5.6,9.3,6.5,9.3,5.9,7.5,9.3,7.0,7.1,5.5,5.2,7.6,9.3,8.4,8.7,9.5,6.1,3.4,7.0,4.0,7.4,6.4,8.5,20.0,8.4,4.0,7.2,9.9,7.5,5.0,6.7,5.1,7.9,6.8,4.7,7.8,4.8,5.9,9.5,9.1,4.0,7.2
1981-08,7.4,5.2,7.4,6.9,8.4,8.4,9.5,12.4,6.4,5.9,7.4,5.8,9.6,6.6,9.4,5.9,7.7,9.4,7.3,7.3,5.5,5.1,8.0,9.8,8.7,8.5,9.9,6.2,3.5,7.1,4.1,7.5,6.3,8.5,20.4,8.8,4.0,7.3,10.0,7.6,5.3,7.0,5.1,8.0,6.9,4.7,7.9,4.7,5.9,9.6,9.3,4.1,7.4
1981-09,7.6,5.3,7.4,7.1,8.5,8.7,9.7,12.5,6.7,5.8,7.4,5.8,9.7,6.8,9.5,6.1,7.6,9.6,7.5,7.4,5.6,5.2,8.3,10.1,8.7,8.3,9.9,6.1,3.9,7.2,4.1,7.7,6.5,8.5,20.8,8.9,4.1,7.3,10.2,7.7,5.4,7.3,5.2,8.1,7.0,4.7,7.9,4.7,5.9,9.6,9.4,3.8,7.6
1981-10,7.9,5.3,7.5,7.2,8.6,9.0,10.1,12.7,7.0,7.9,7.4,6.1,10.2,6.9,10.0,6.5,8.3,9.9,7.7,7.5,6.0,5.4,8.6,10.6,9.0,8.5,10.4,6.1,4.1,7.3,4.4,7.9,6.7,8.6,20.7,8.9,4.3,7.4,10.3,7.9,5.6,7.2,5.4,8.3,7.1,4.7,7.9,4.6,6.0,9.6,9.5,3.9,7.9
1981-11,8.1,5.4,7.6,7.4,8.9,9.2,10.6,13.4,7.1,8.1,7.7,6.4,10.5,7.1,10.5,6.8,8.5,10.1,8.0,7.8,6.2,5.5,9.1,11.0,9.3,8.8,10.7,6.2,4.3,7.4,4.4,8.1,6.7,8.8,22.1,9.3,4.5,7.6,10.6,8.0,5.9,7.5,5.4,8.4,7.3,4.9,7.9,4.5,6.1,9.4,9.7,4.0,8.3
1981-12,8.5,5.5,7.8,7.6,9.0,9.5,11.1,14.3,7.4,8.5,8.0,6.7,11.0,7.2,11.3,7.3,8.7,10.4,8.3,7.9,6.4,5.6,9.5,11.4,9.6,9.2,11.3,6.4,4.6,7.6,4.6,8.4,6.8,8.9,21.9,9.4,4.6,7.7,11.0,8.2,6.1,7.5,5.5,8.6,7.4,4.8,7.9,4.8,6.2,9.5,9.9,3.7,8.5
1982-01,8.8,5.6,7.9,7.7,9.6,9.8,11.5,14.7,7.6,9.1,8.3,7.1,11.2,7.5,11.8,8.1,9.1,10.7,8.6,8.3,6.6,6.1,9.8,12.1,9.7,9.5,11.3,6.5,4.6,7.7,5.1,8.7,7.4,9.3,21.5,9.8,4.9,7.9,11.8,8.3,6.3,7.7,5.7,8.8,7.6,4.9,7.9,5.2,6.5,9.6,10.0,4.0,8.6
1982-02,9.0,5.7,7.8,7.8,9.7,10.0,11.8,14.8,7.2,9.0,8.4,7.3,11.4,7.6,11.6,8.3,9.1,10.9,8.6,8.3,6.8,6.6,9.9,11.9,9.8,9.2,11.5,6.6,4.7,7.8,5.4,9.0,7.8,9.2,22.0,10.5,5.1,8.1,11.8,8.5,6.6,7.9,5.9,8.9,7.7,5.0,7.9,5.1,6.7,9.6,10.1,4.1,8.9
1982-03,9.3,5.8,8.2,7.9,10.1,10.3,12.1,15.0,7.3,9.4,8.5,7.3,11.5,7.7,11.9,8.8,9.6,11.1,8.7,8.2,7.2,6.6,10.2,12.4,10.1,9.4,11.8,6.7,4.8,7.9,5.7,9.2,7.5,9.3,22.1,10.7,5.4,8.4,12.2,8.7,6.8,8.2,5.9,9.1,7.9,5.2,8.0,5.2,6.8,9.6,10.3,4.3,9
1982-04,9.7,6.1,8.4,8.1,10.6,10.6,12.3,15.2,7.4,9.0,8.6,7.1,11.8,7.8,11.9,9.0,10.4,11.3,8.8,8.3,7.6,6.8,10.4,12.5,10.6,9.5,11.7,6.8,5.1,8.0,6.0,9.5,7.7,9.2,23.1,11.2,5.5,8.6,12.8,8.8,7.0,8.3,6.0,9.3,8.0,5.4,8.0,5.7,7.7,9.6,10.4,5.6,9.3
1982-05,9.8,6.4,8.4,8.1,10.8,10.8,12.3,15.0,7.6,9.3,8.7,7.1,12.0,7.9,11.6,9.6,10.3,11.5,8.8,8.3,7.8,7.2,10.9,12.7,10.6,9.8,11.6,6.8,5.2,8.1,6.2,9.8,7.7,9.2,23.1,11.5,5.9,8.8,13.3,8.9,7.1,8.3,6.0,9.4,8.1,5.3,8.0,5.7,7.3,9.8,10.5,5.8,9.4
1982-06,9.9,6.7,8.6,8.3,11.3,11.1,12.4,15.1,7.6,9.5,8.6,7.3,11.9,8.0,11.5,10.0,10.2,11.6,9.1,8.3,8.0,7.7,11.0,12.8,10.7,10.2,11.5,7.0,5.5,8.2,6.7,10.0,7.9,9.2,23.2,11.6,5.9,9.0,14.1,9.0,7.1,8.3,6.1,9.4,8.3,5.5,8.0,5.6,7.2,9.9,10.6,5.8,9.6
1982-07,10.2,7.0,8.6,8.4,11.7,11.4,12.6,15.2,7.6,9.9,8.6,7.3,12.0,8.1,11.5,10.5,10.2,11.8,9.2,8.2,8.6,8.1,11.0,13.2,10.8,10.1,11.2,6.9,6.3,8.2,6.9,10.2,8.5,9.4,23.6,11.7,5.8,9.2,14.7,9.1,7.1,8.8,6.1,9.5,8.3,5.5,8.0,5.7,7.6,9.8,10.7,6.8,9.8
1982-08,10.4,7.3,8.7,8.5,11.8,11.7,12.8,15.4,7.5,9.7,8.6,7.4,12.0,8.2,11.6,10.7,10.5,12.0,9.3,8.3,8.8,8.3,11.2,13.6,10.8,10.5,11.4,6.7,6.4,8.3,7.4,10.4,8.8,9.6,23.2,12.1,5.7,9.3,15.0,9.2,7.1,8.3,6.0,9.5,8.4,5.6,8.0,5.9,7.6,9.9,10.8,7.1,9.8
1982-09,10.5,7.7,8.8,8.6,12.2,11.9,13.1,15.8,7.8,9.5,8.7,7.4,11.9,8.1,11.9,10.9,10.6,12.1,9.5,8.2,8.7,8.6,10.9,13.8,11.1,10.8,11.6,6.9,7.1,8.3,7.4,10.5,8.8,9.5,22.4,12.2,5.8,9.5,15.6,9.3,7.1,8.2,5.9,9.6,8.5,5.8,8.0,5.9,7.2,9.8,10.9,6.6,10.1
1982-10,10.7,8.0,9.0,8.8,12.4,12.3,13.4,16.6,8.0,9.9,8.9,7.6,12.1,8.2,12.4,11.1,10.8,12.2,9.6,8.2,8.8,9.0,10.9,14.3,11.4,11.1,11.6,7.2,7.7,8.4,7.1,10.6,9.0,9.7,23.3,12.2,6.0,9.6,16.3,9.4,7.1,8.5,5.8,9.7,8.5,5.9,8.0,6.2,7.3,9.8,11.0,7.6,10.4
1982-11,11.0,8.2,9.1,9.0,12.7,12.5,13.7,16.9,8.2,10.0,9.1,7.6,12.2,8.2,12.8,11.3,10.9,12.3,10.1,8.2,9.0,9.1,11.0,14.4,11.7,11.2,12.1,7.1,8.1,8.4,7.1,10.7,9.4,9.9,22.8,12.1,6.0,9.8,16.8,9.4,7.1,8.5,5.7,9.7,8.6,5.8,8.0,6.2,7.5,9.9,11.1,7.6,10.8
1982-12,11.0,8.4,9.0,9.1,12.8,12.7,13.8,16.8,8.3,9.8,9.0,7.8,11.9,8.2,12.5,11.5,11.5,12.4,10.2,8.1,8.8,8.9,11.3,14.4,12.1,11.2,11.9,7.2,8.4,8.5,7.0,10.7,9.5,10.1,23.9,12.4,6.2,9.8,17.3,9.4,7.0,8.4,6.1,9.6,8.6,5.8,8.0,6.3,7.4,10.0,11.2,8.2,10.8
1983-01,10.9,8.5,9.1,9.2,12.8,12.8,13.8,16.5,8.3,10.0,9.0,7.8,11.8,8.1,12.7,11.4,11.8,12.3,10.2,8.1,8.8,8.9,11.4,14.3,12.0,11.6,12.0,7.3,8.5,8.5,7.0,10.6,9.6,10.2,24.5,13.1,6.8,9.9,17.9,9.4,6.8,8.5,6.1,9.5,8.7,5.8,8.0,6.6,7.7,10.4,11.3,8.8,10.4
1983-02,11.0,8.5,9.2,9.3,12.9,12.9,13.6,16.0,8.2,10.2,9.0,7.6,11.6,7.9,12.4,11.5,11.4,12.3,10.3,8.1,8.8,8.8,11.2,14.1,12.0,12.3,11.7,6.9,9.1,8.5,6.9,10.6,9.6,10.2,24.3,13.6,6.8,9.9,18.2,9.4,6.6,8.7,6.3,9.3,8.7,5.8,8.0,6.8,7.7,10.3,11.4,8.8,10.4
1983-03,10.8,8.5,9.2,9.2,12.7,12.9,13.6,15.8,8.1,10.0,8.8,7.2,11.8,7.8,12.1,11.1,11.2,12.2,10.4,8.0,8.8,8.7,11.1,13.6,11.9,12.6,11.5,6.8,9.2,8.5,6.7,10.4,9.7,10.2,24.1,13.5,6.6,9.9,18.2,9.3,6.4,8.5,6.3,9.1,8.7,5.8,8.0,6.9,7.4,10.2,11.4,9.5,10.3
1983-04,10.5,8.5,9.0,8.9,12.6,12.8,13.4,15.6,7.9,9.6,8.4,6.8,11.3,7.5,11.7,10.7,10.4,12.2,10.5,7.7,8.5,8.6,10.7,13.5,11.7,12.6,11.2,6.4,9.0,8.5,6.4,10.2,9.6,10.1,22.7,13.7,6.5,9.9,18.1,9.2,6.1,8.4,6.1,9.0,8.7,5.8,7.9,6.7,7.3,10.0,11.3,10.1,10.2
1983-05,10.4,8.3,8.9,8.9,12.3,12.7,13.2,15.3,7.8,9.4,8.3,6.4,11.3,7.3,11.3,10.4,9.9,12.0,10.2,7.6,8.3,7.9,10.2,13.1,11.7,12.6,11.1,6.2,9.2,8.5,6.1,10.1,9.4,10.0,23.4,13.7,6.0,9.8,17.9,9.1,5.9,8.5,6.0,8.8,8.7,5.5,7.9,6.2,7.4,9.9,11.3,10.1,10.1
1983-06,10.0,8.2,8.9,8.8,12.1,12.5,13.0,14.8,7.5,9.0,8.1,6.2,11.0,7.1,10.9,10.2,9.5,11.9,9.9,7.4,8.0,7.4,9.6,12.8,11.6,12.3,10.6,5.9,9.1,8.4,5.9,9.8,9.1,9.8,23.3,13.4,5.6,9.7,17.8,9.0,5.7,8.2,5.9,8.5,8.6,5.2,7.8,5.9,6.7,9.8,11.2,9.3,10.1
1983-07,9.7,8.0,8.7,8.6,11.7,10.8,11.4,14.2,7.5,8.6,7.9,6.0,10.9,6.9,10.7,10.1,9.4,11.8,9.9,7.2,7.6,6.9,9.1,12.7,11.3,12.1,10.8,5.7,8.8,8.4,5.7,9.6,8.7,9.7,23.7,12.8,5.2,9.5,17.6,8.8,5.5,8.2,5.8,8.3,8.6,5.1,7.7,5.7,6.5,9.9,11.1,8.3,9.4
1983-08,9.5,7.8,8.6,8.4,11.3,10.7,11.2,14.0,7.4,8.5,7.8,6.0,10.8,6.7,10.6,9.8,9.4,11.6,9.7,7.0,7.6,6.6,8.7,12.4,11.1,11.9,10.7,5.3,8.5,8.3,5.5,9.4,8.5,9.7,23.3,12.2,5.2,9.4,17.6,8.7,5.2,7.8,5.8,8.1,8.5,5.1,7.6,5.6,6.4,10.0,11.0,7.5,9.5
1983-09,9.1,7.6,8.4,8.2,10.8,10.6,11.0,13.8,7.3,8.3,7.6,5.8,10.6,6.6,10.3,6.3,8.9,11.4,9.5,6.9,7.5,6.3,8.4,12.2,10.8,11.3,10.4,5.3,8.3,8.2,5.6,9.2,8.2,9.6,24.5,11.9,4.9,9.2,16.9,8.5,5.1,7.4,5.7,7.8,8.4,5.0,7.5,5.5,6.0,9.9,10.8,7.1,9.2
1983-10,8.9,7.3,8.1,8.0,10.6,10.4,10.9,13.5,7.0,8.0,7.3,5.6,10.5,6.4,10.3,6.5,8.8,11.1,9.4,6.8,7.4,6.1,8.0,12.0,10.6,10.6,10.4,5.2,8.2,8.1,5.5,9.0,8.0,9.4,22.7,11.5,4.9,9.1,16.7,8.3,5.0,7.3,5.6,7.5,8.4,4.9,7.4,5.3,6.0,9.8,10.6,6.5,8.8
1983-11,8.7,7.1,8.0,7.7,10.3,10.3,10.7,13.0,6.8,7.8,7.3,5.4,10.3,6.1,10.0,6.0,8.7,10.9,9.1,6.7,7.2,5.8,8.0,11.7,10.4,10.5,10.2,5.1,7.9,8.0,5.5,8.7,7.8,9.1,22.9,11.1,4.9,8.9,16.3,8.1,4.9,7.0,5.6,7.3,8.3,4.8,7.2,5.3,5.8,9.9,10.4,6.5,8.5
1983-12,8.6,6.9,7.7,7.5,10.1,10.1,10.4,12.7,6.6,7.5,7.0,5.2,10.1,5.9,9.6,5.9,8.5,10.6,8.8,6.6,7.1,6.0,8.1,11.3,10.1,10.2,10.2,5.0,7.6,7.9,5.4,8.5,7.8,9.0,21.5,10.9,5.1,8.7,16.1,8.0,4.7,7.0,5.6,7.0,8.2,4.7,7.1,5.4,5.8,10.0,10.2,6.8,8.3
1984-01,8.3,6.7,7.5,7.2,9.9,9.8,10.1,12.1,6.5,7.1,6.8,5.2,10.1,5.7,9.6,5.7,8.1,10.3,8.4,5.3,6.9,5.9,7.7,11.1,9.9,9.9,10.0,4.7,7.5,7.8,5.3,8.3,7.4,8.8,22.4,10.8,5.1,8.5,15.7,7.8,4.5,6.5,5.4,6.7,8.1,4.5,6.9,5.4,5.7,10.4,10.0,6.7,8
1984-02,8.2,6.6,7.4,7.0,9.6,9.6,9.8,11.9,6.3,7.0,6.6,5.1,9.6,5.5,9.0,5.4,7.7,10.1,8.0,5.2,6.5,5.6,7.2,10.9,9.6,9.8,9.5,4.6,7.1,7.7,4.9,8.1,7.1,8.7,20.8,10.7,4.7,8.3,15.1,7.6,4.4,6.4,5.4,6.5,8.0,4.4,6.7,5.3,5.6,10.2,9.7,6.2,7.8
1984-03,8.1,6.4,7.3,6.8,9.6,9.6,9.8,11.7,6.2,7.0,6.6,5.0,9.3,5.3,8.9,5.2,7.5,9.9,7.7,5.2,6.4,5.3,7.0,10.6,9.6,9.5,9.4,4.5,7.0,7.6,5.0,7.9,6.9,8.6,21.3,10.7,4.6,8.1,15.0,7.5,4.3,6.2,5.4,6.2,7.9,4.4,6.6,5.3,5.6,10.1,9.5,6.7,7.8
1984-04,7.9,6.2,7.1,6.8,9.4,9.5,9.7,11.6,6.1,6.8,6.4,5.1,9.3,5.1,8.7,5.2,7.5,9.7,7.6,5.3,6.5,5.5,6.8,10.4,9.6,9.6,9.6,4.5,7.1,7.5,5.2,7.8,6.7,8.5,20.3,10.6,4.8,8.0,14.9,7.4,4.2,6.1,5.4,6.0,7.8,4.6,6.5,5.4,5.3,10.2,9.3,6.7,7.7
1984-05,7.8,6.1,7.1,6.7,9.1,9.3,9.6,11.6,6.0,6.7,6.3,5.1,9.2,4.9,8.4,4.8,7.5,9.5,7.2,5.2,6.4,5.4,6.5,10.1,9.4,9.6,9.5,4.5,6.9,7.4,5.1,7.7,6.6,8.4,20.3,10.6,4.3,7.9,14.8,7.4,4.2,6.1,5.3,5.8,7.8,4.5,6.3,5.5,5.2,10.2,9.1,6.7,7.4
1984-06,7.8,6.0,7.2,6.5,8.8,9.1,9.3,11.4,5.9,6.7,6.1,4.9,9.1,4.8,8.0,4.5,7.4,9.3,6.7,5.2,6.3,5.2,6.3,10.1,9.1,9.5,9.4,4.5,6.8,7.3,4.9,7.6,6.2,8.2,19.9,10.8,4.1,7.8,14.4,7.3,4.2,6.0,5.3,5.6,7.7,4.4,6.2,5.4,4.9,10.0,8.8,5.9,7.2
1984-07,7.8,6.0,7.3,6.4,8.7,9.0,9.2,11.1,6.0,6.6,6.0,4.9,9.0,4.6,7.8,4.2,7.1,9.1,6.5,5.1,6.1,5.1,6.4,10.1,9.0,9.5,9.0,4.4,6.9,7.2,4.8,7.6,6.1,8.0,20.7,11.0,4.2,7.8,14.2,7.3,4.2,6.2,5.2,5.4,7.7,4.4,6.1,5.3,4.5,9.9,8.7,5.9,7.5
1984-08,7.7,6.0,7.1,6.4,8.7,8.9,9.2,11.0,5.9,6.7,6.0,4.8,8.9,4.5,7.8,4.5,6.9,8.9,6.7,5.0,6.0,5.1,6.6,9.9,8.7,9.7,8.9,4.4,7.1,7.1,5.0,7.6,6.1,8.0,21.0,11.2,4.1,7.8,14.1,7.3,4.2,6.0,5.3,5.3,7.7,4.4,6.0,5.3,4.4,9.8,8.5,5.9,7.5
1984-09,7.7,6.1,7.0,6.4,8.8,8.8,9.1,11.0,6.0,6.7,6.0,5.0,8.9,4.5,8.2,4.6,7.0,8.8,6.5,5.1,6.0,5.1,6.5,10.0,8.7,9.9,9.0,4.5,7.0,7.0,4.8,7.6,6.2,8.0,20.9,11.0,4.2,7.8,14.0,7.3,4.3,5.8,5.4,5.1,7.6,4.6,5.9,5.3,4.5,9.7,8.4,6.1,7.3
1984-10,7.5,6.1,7.0,6.4,8.8,8.7,9.1,11.0,5.9,6.7,5.9,5.1,8.9,4.3,8.1,5.0,7.0,8.7,6.4,5.0,5.9,5.3,6.6,9.6,8.6,10.3,9.3,4.5,6.9,6.9,4.9,7.5,6.3,8.1,20.3,10.8,4.3,7.9,14.7,7.3,4.3,5.6,5.5,5.0,7.7,4.6,5.8,5.4,4.5,9.5,8.3,6.3,7.4
1984-11,7.5,6.2,6.7,6.4,8.7,8.7,9.1,11.1,5.9,6.6,5.7,5.3,8.9,4.3,8.3,5.2,6.9,8.6,6.6,5.0,5.9,5.4,6.7,9.7,8.6,10.5,9.3,4.7,6.9,6.9,4.9,7.5,6.4,8.2,20.0,10.8,4.3,7.9,14.8,7.3,4.4,5.6,5.5,4.9,7.7,4.6,5.7,5.5,4.5,9.4,8.2,6.3,7.2
1984-12,7.3,6.3,6.7,6.3,8.8,8.6,9.1,10.9,6.0,6.5,5.7,5.3,8.9,4.2,8.2,5.6,7.0,8.5,6.7,4.9,6.1,5.4,6.5,9.8,8.7,10.7,9.4,4.7,6.8,6.8,4.9,7.6,6.3,8.2,20.5,10.6,4.3,8.1,14.7,7.4,4.4,5.6,5.6,4.8,7.7,4.5,5.7,5.5,4.6,9.0,8.2,6.5,7.3
1985-01,7.3,6.4,6.7,6.3,8.9,8.3,8.9,10.5,6.1,6.3,5.5,5.1,8.9,4.1,8.1,5.8,7.1,8.5,6.7,4.8,6.2,5.8,6.3,9.4,8.7,10.9,9.0,4.8,7.3,8.4,5.1,7.6,6.4,8.3,21.2,10.4,4.9,8.2,14.4,7.5,4.3,5.6,5.4,4.8,7.7,4.6,5.6,5.7,4.6,9.2,8.2,6.3,7.3
1985-02,7.2,6.5,6.7,6.2,8.9,8.4,9.0,10.3,6.3,6.3,5.8,5.3,8.9,4.1,8.4,6.0,7.5,8.4,6.8,4.9,6.0,6.3,6.1,9.3,9.0,11.4,9.2,4.8,7.6,8.3,5.4,7.6,6.8,8.5,21.7,10.7,5.2,8.3,14.2,7.6,4.3,5.8,5.0,4.7,7.8,4.8,5.5,5.8,4.9,9.4,8.2,7.1,7.2
1985-03,7.2,6.6,6.7,6.3,8.7,8.3,9.0,10.4,6.3,6.1,5.8,5.4,8.5,4.0,8.0,6.0,7.5,8.4,6.7,4.7,5.9,6.1,5.9,9.2,8.8,11.5,9.1,4.7,7.5,8.2,5.3,7.6,6.6,8.5,22.0,10.9,5.1,8.4,13.9,7.6,4.2,5.7,4.8,4.7,7.8,4.9,5.4,6.0,4.9,9.6,8.2,7.0,7.2
1985-04,7.3,6.7,6.8,6.3,9.2,8.2,9.0,10.4,6.4,5.8,5.8,5.3,8.4,4.1,7.8,6.1,7.4,8.3,6.7,4.8,5.9,5.8,6.1,8.7,8.8,11.4,9.1,4.7,7.3,8.2,5.1,7.6,6.4,8.5,23.0,10.8,5.1,8.5,13.9,7.7,4.1,5.7,5.0,4.6,7.8,4.8,5.4,5.8,4.8,9.8,8.2,7.2,7.3
1985-05,7.3,6.8,6.7,6.2,9.2,8.2,8.8,10.3,6.5,5.9,5.5,5.4,8.5,4.1,7.8,6.4,7.1,8.2,6.6,4.7,5.7,5.8,6.5,8.5,8.9,11.3,8.7,4.8,7.3,8.1,5.0,7.6,6.2,8.4,22.0,10.4,5.0,8.6,13.5,7.8,3.8,5.5,5.0,4.6,7.8,4.8,5.3,5.5,4.7,9.6,8.2,7.2,7.2
1985-06,7.3,6.8,6.6,6.2,9.2,8.1,8.8,10.2,6.5,5.8,5.6,5.3,8.4,4.1,7.8,6.6,7.0,8.2,6.3,4.7,5.8,5.9,6.8,8.3,9.0,11.2,8.7,4.8,7.3,8.0,4.9,7.5,6.2,8.5,22.9,10.5,5.0,8.7,13.4,7.9,3.8,5.5,5.2,4.5,7.9,4.9,5.2,5.6,4.9,9.7,8.1,7.2,7.4
1985-07,7.3,6.9,6.4,6.2,9.1,8.0,8.9,10.1,6.4,5.8,5.5,5.7,8.3,4.1,7.4,6.6,6.9,8.2,6.1,4.6,6.1,5.9,7.1,8.2,9.2,11.5,8.6,4.7,7.3,7.9,5.0,7.5,6.2,8.6,21.7,10.8,5.1,8.8,13.4,7.9,3.7,5.5,5.1,4.5,7.9,4.9,5.1,5.5,4.8,9.8,8.0,7.2,7.4
1985-08,7.3,6.9,6.5,6.1,9.1,7.9,8.9,10.0,6.3,5.6,5.3,5.4,8.1,4.1,7.5,6.5,7.0,8.2,6.1,4.6,5.9,6.1,7.0,8.2,9.1,11.5,8.3,4.6,7.2,7.8,5.1,7.4,6.0,8.6,21.7,10.9,5.1,8.9,13.0,7.9,3.5,5.4,5.1,4.4,7.9,4.7,5.0,5.5,4.8,9.6,8.0,7.2,7.1
1985-09,7.2,7.0,6.6,6.1,9.2,7.9,9.0,10.0,6.2,5.4,5.5,5.4,8.1,4.1,7.5,6.5,7.2,8.1,6.3,4.6,6.0,5.9,6.8,8.3,9.4,11.5,8.4,4.5,7.3,7.7,5.0,7.4,5.9,8.6,21.3,11.0,5.1,8.9,13.0,8.0,3.5,5.4,5.1,4.4,7.9,4.8,4.9,5.5,4.8,9.5,7.9,7.1,7.1
1985-10,7.2,7.0,6.6,6.0,9.3,7.8,8.9,9.8,6.1,5.4,5.5,5.3,8.0,4.1,7.3,6.5,7.2,8.1,6.2,4.6,6.1,6.0,6.8,8.3,9.4,11.6,8.3,4.4,7.4,7.6,5.2,7.3,5.9,8.5,21.6,10.9,5.1,8.9,12.9,8.0,3.4,5.5,5.0,4.3,7.8,4.8,4.8,5.8,4.8,9.5,7.9,7.1,7.1
1985-11,6.9,7.1,6.6,6.0,9.2,7.8,8.9,9.6,6.0,5.4,5.7,5.4,8.1,4.1,7.3,6.4,7.3,8.1,6.1,4.6,6.1,6.3,6.7,8.4,9.5,11.8,8.5,4.2,7.5,7.6,5.3,7.3,6.1,8.7,21.0,10.9,5.3,9.0,13.0,8.1,3.3,5.5,5.0,4.2,7.8,4.9,4.7,5.8,4.7,9.8,7.8,7.5,7
1985-12,6.9,7.2,6.5,6.0,8.9,7.7,8.7,9.1,6.0,5.3,5.6,5.3,8.0,4.1,7.2,6.5,7.3,8.1,6.1,4.6,6.3,6.3,6.8,8.5,9.5,12.0,8.5,4.1,7.6,7.5,5.6,7.2,6.1,8.6,21.0,11.2,5.6,9.0,12.5,8.1,3.2,5.4,4.9,4.2,7.8,5.0,4.6,5.9,4.5,10.0,7.7,7.5,7
1986-01,6.7,7.3,6.5,6.0,8.7,7.5,8.6,9.0,5.9,4.9,5.7,5.0,8.0,4.0,7.1,6.4,7.2,8.1,6.0,4.4,6.0,7.0,6.7,8.6,9.5,11.9,8.5,3.9,7.5,7.4,5.2,7.0,6.1,8.5,19.7,11.3,5.4,9.0,12.3,8.1,3.2,5.4,5.0,4.1,7.7,4.8,4.5,5.9,4.6,10.2,7.6,8.4,6.7
1986-02,6.9,8.5,6.6,5.9,8.9,7.5,8.5,9.0,5.9,5.4,5.5,4.9,8.0,4.0,6.9,6.5,7.2,8.1,6.0,4.6,6.0,7.3,6.6,8.9,9.6,12.0,8.6,3.8,7.9,7.3,5.5,6.9,5.9,8.7,19.8,11.6,5.4,9.1,12.3,8.1,3.1,5.1,4.9,4.1,7.7,4.8,4.3,6.0,4.4,10.6,7.6,8.6,7.2
1986-03,6.9,8.7,6.6,6.0,8.7,7.4,8.5,9.0,6.0,5.4,5.2,5.0,8.0,4.0,7.0,6.6,7.1,8.1,6.0,4.6,5.9,7.2,6.6,9.3,9.4,11.8,8.6,3.9,8.3,7.2,5.5,6.8,5.9,8.6,20.0,12.0,5.3,9.1,12.4,8.1,3.0,5.1,4.9,4.1,7.6,4.8,4.2,6.1,4.5,10.9,7.6,8.9,7.2
1986-04,6.9,8.9,6.6,6.0,8.5,7.2,8.4,9.0,6.0,5.5,5.2,5.0,8.0,4.0,7.0,6.9,7.0,8.0,6.1,4.5,5.8,7.4,6.5,9.3,9.2,12.3,8.5,3.8,8.6,7.1,5.3,6.7,5.9,8.6,19.1,12.3,5.1,9.1,12.3,8.1,2.9,5.3,5.0,4.0,7.6,4.7,4.1,6.1,4.5,11.4,7.5,9.6,7.1
1986-05,6.9,9.1,6.5,6.0,8.5,7.1,8.3,9.2,6.0,5.4,5.2,4.9,8.0,4.0,6.9,6.8,7.0,8.0,6.3,4.6,5.5,7.3,6.3,9.3,9.1,12.4,8.3,3.7,9.0,7.0,5.5,6.6,6.0,8.5,20.0,12.4,4.7,9.2,12.2,8.1,2.8,5.2,4.7,4.0,7.6,4.7,4.0,6.1,4.4,11.3,7.4,8.8,7.2
1986-06,6.8,9.2,6.4,5.9,8.3,7.0,8.3,9.0,5.9,5.3,5.2,4.9,8.1,4.0,6.6,6.9,6.8,8.0,6.3,4.5,5.5,7.2,6.1,9.3,9.1,12.7,8.1,3.8,8.9,6.9,5.4,6.6,6.0,8.5,19.2,12.5,4.7,9.2,12.2,8.1,2.6,5.2,4.7,4.0,7.6,4.6,3.9,5.9,4.4,11.4,7.4,8.9,7.2
1986-07,6.8,9.3,6.3,5.9,8.2,6.8,8.1,8.8,6.0,5.4,5.1,4.8,8.2,4.0,6.3,6.9,6.7,7.9,6.2,4.6,5.4,7.3,6.0,9.1,9.1,12.6,8.0,3.8,8.8,6.8,5.4,6.5,6.0,8.4,18.5,12.5,4.7,9.2,12.0,8.1,2.4,5.3,4.5,4.0,7.6,4.6,3.8,5.8,4.2,11.5,7.3,9.1,7
1986-08,6.8,9.3,6.1,5.8,8.1,6.7,8.2,8.6,5.9,5.3,4.9,4.8,8.1,4.0,6.5,7.0,6.7,7.8,6.3,4.5,5.3,7.4,5.8,9.1,9.0,12.8,7.9,3.7,9.4,6.7,5.3,6.5,6.3,8.4,18.3,12.5,4.7,9.2,11.9,8.1,2.2,5.4,4.4,4.0,7.6,4.6,3.8,5.7,4.3,11.4,7.2,8.3,6.9
1986-09,6.7,9.3,6.0,5.9,8.0,6.7,8.2,8.9,5.8,5.4,4.8,4.9,8.1,4.0,6.7,7.1,6.8,7.8,6.4,4.7,5.3,7.9,5.8,9.1,9.1,12.9,7.7,3.8,8.7,6.6,5.4,6.4,6.4,8.4,18.2,12.2,4.7,9.3,11.9,8.1,1.9,5.4,4.3,4.0,7.5,4.6,3.7,5.6,4.6,11.1,7.1,8.8,7
1986-10,6.6,9.3,5.9,5.8,7.9,6.6,8.2,8.8,5.8,5.3,4.8,4.9,8.1,4.0,6.7,7.1,6.8,7.7,6.4,4.6,5.4,8.0,5.8,9.1,9.1,12.8,7.4,3.7,8.5,6.5,5.3,6.4,6.4,8.5,17.4,12.1,4.8,9.3,11.7,8.1,2.0,5.2,4.1,4.0,7.5,4.6,3.6,5.5,4.5,11.0,7.1,8.9,7
1986-11,6.6,9.2,5.7,5.8,7.7,6.4,7.9,8.6,5.7,5.3,4.6,4.8,8.0,3.9,6.7,7.1,6.6,7.6,6.4,4.6,5.4,8.1,5.9,9.0,9.2,12.8,7.1,3.7,8.4,6.4,5.4,6.4,6.5,8.6,18.5,11.9,5.0,9.3,11.6,8.1,2.1,5.1,3.8,3.9,7.5,4.6,3.5,5.7,4.4,10.7,7.0,9.1,6.9
1986-12,6.5,9.2,5.6,5.8,7.6,6.3,7.9,8.3,5.7,5.2,4.4,4.8,7.9,3.8,6.6,7.1,6.6,7.5,6.3,4.6,5.4,8.3,5.9,8.9,9.2,12.7,6.7,3.6,8.3,6.3,5.4,6.3,6.6,8.4,18.2,11.8,4.9,9.3,11.3,8.1,2.2,4.8,3.9,3.9,7.5,4.5,3.4,5.7,4.3,10.8,6.9,9.2,6.6
1987-01,6.4,9.1,5.4,5.6,7.6,6.0,7.7,8.1,5.7,4.9,4.2,4.5,7.7,3.6,6.6,7.1,6.5,7.4,6.4,4.4,5.3,8.4,5.8,8.5,9.0,12.6,6.6,3.4,8.1,6.2,5.5,6.3,6.9,8.4,17.2,11.6,4.7,9.3,11.1,8.0,2.2,4.5,3.7,3.9,7.4,4.5,3.4,5.5,4.1,10.7,6.8,9.7,6.6
1987-02,6.2,9.0,5.2,5.6,7.6,6.0,7.6,8.2,5.6,5.0,4.3,4.4,7.8,3.6,6.4,7.0,6.6,7.3,6.4,4.4,5.3,8.4,5.9,8.3,8.9,12.5,6.4,3.4,8.1,6.1,5.2,6.3,6.9,8.4,17.9,11.2,4.7,9.3,11.1,8.0,2.1,4.4,3.8,3.9,7.4,4.4,3.3,5.3,3.9,10.7,6.7,9.9,6.6
1987-03,6.2,8.9,5.1,5.6,7.7,5.9,7.5,8.2,5.6,4.9,4.2,4.5,7.7,3.6,6.3,6.8,6.4,7.2,6.4,4.3,5.4,8.5,6.0,8.3,8.9,12.4,6.5,3.4,8.2,6.0,5.1,6.3,6.8,8.4,16.9,11.0,4.7,9.3,11.1,7.9,2.1,4.2,3.8,3.8,7.4,4.4,3.2,5.2,3.9,10.8,6.5,9.7,6.6
1987-04,6.0,8.8,5.0,5.6,7.8,5.8,7.3,8.3,5.5,4.8,4.2,4.5,7.4,3.5,6.3,6.7,6.1,7.1,6.5,4.3,5.0,8.1,5.8,7.8,8.6,12.0,6.3,3.3,7.9,6.0,5.0,6.3,6.5,8.3,17.9,10.6,4.0,9.3,11.1,7.8,1.9,4.3,3.8,3.8,7.4,4.4,3.2,5.1,3.7,10.6,6.4,8.8,6.3
1987-05,5.9,8.7,5.0,5.5,7.8,5.7,7.2,8.4,5.4,4.7,4.2,4.4,7.2,3.4,6.3,6.5,6.1,6.9,6.5,4.3,5.3,7.7,5.2,7.8,8.5,11.8,6.1,3.2,7.7,5.9,4.9,6.2,6.4,8.2,16.6,10.5,4.6,9.2,11.0,7.7,2.1,4.4,3.9,3.7,7.3,4.4,3.1,4.9,3.9,10.6,6.3,8.2,6.3
1987-06,5.7,8.6,4.9,5.4,7.6,5.7,7.1,8.5,5.5,4.6,4.1,4.2,7.1,3.3,6.1,6.4,6.2,6.8,6.3,4.4,5.3,7.4,4.6,7.4,8.4,11.8,6.1,3.2,7.6,5.8,4.9,6.2,6.3,8.2,16.4,10.5,4.6,9.1,11.0,7.6,2.3,4.6,3.8,3.7,7.3,4.4,3.1,5.0,3.9,10.5,6.2,8.1,6.2
1987-07,5.7,8.5,4.7,5.4,7.4,5.6,7.0,8.7,5.5,4.4,4.1,4.0,7.1,3.2,6.0,6.3,6.0,6.7,6.4,4.3,5.1,7.0,4.5,7.3,8.0,11.6,6.1,3.1,7.3,5.7,4.8,6.1,6.2,8.0,17.4,10.5,4.5,9.0,10.8,7.5,2.4,4.1,3.7,3.6,7.3,4.4,3.0,5.0,3.7,10.0,6.1,7.8,6.1
1987-08,5.6,8.3,4.7,5.3,7.2,5.6,6.9,8.4,5.5,4.5,4.0,4.1,6.9,3.2,6.0,6.1,6.1,6.6,6.1,4.2,5.2,6.9,4.7,7.3,7.9,11.5,6.1,3.1,7.0,5.6,4.7,6.1,6.0,8.0,16.0,10.5,4.3,9.0,10.7,7.4,2.4,4.5,3.6,3.5,7.2,4.4,3.0,5.0,3.7,9.8,6.0,7.6,6
1987-09,5.7,8.2,4.6,5.3,7.1,5.6,6.6,8.3,5.6,4.4,4.1,4.1,7.2,3.2,5.9,6.1,6.2,6.5,5.8,4.3,5.1,6.8,5.0,7.3,7.9,11.4,6.5,3.2,7.0,5.5,4.7,6.0,5.9,8.0,16.1,10.1,4.3,8.9,10.7,7.3,2.4,4.6,3.6,3.4,7.2,4.4,3.0,5.0,3.9,9.9,5.9,7.4,5.9
1987-10,5.6,8.1,4.7,5.3,7.1,5.4,6.6,8.2,5.6,4.2,3.9,4.0,7.1,3.2,5.8,6.1,6.2,6.4,6.0,4.3,5.0,6.8,5.1,7.2,7.9,11.4,6.4,3.2,7.1,5.5,4.7,6.0,5.8,8.0,16.2,9.9,4.2,8.7,10.5,7.2,2.5,4.4,3.4,3.4,7.1,4.3,3.0,5.1,3.8,9.7,5.8,7.3,6
1987-11,5.4,8.0,4.7,5.3,7.0,5.4,6.4,8.2,5.5,4.2,3.8,3.9,6.8,3.1,5.6,6.1,6.2,6.3,5.9,4.2,4.9,6.7,5.1,7.1,7.9,11.3,6.0,3.1,7.0,5.4,4.7,5.9,5.6,7.9,15.8,9.6,4.1,8.6,10.4,7.0,2.5,4.1,3.3,3.3,7.0,4.4,2.9,5.1,3.4,9.5,5.7,7.0,5.8
1987-12,5.4,7.9,4.5,5.3,7.1,5.3,6.4,8.2,5.5,4.2,3.8,3.9,6.8,3.1,5.4,6.2,4.5,6.2,5.6,4.2,4.7,6.8,5.1,7.1,7.8,11.3,6.1,2.9,6.8,5.2,4.6,5.8,5.6,7.9,17.1,9.3,4.0,8.5,10.2,6.9,2.4,3.8,3.2,3.2,7.0,4.4,2.9,5.1,3.2,9.3,5.6,7.2,5.7
1988-01,5.3,7.8,4.3,5.3,7.0,5.4,6.4,8.4,5.8,4.3,4.0,3.9,6.6,3.2,5.3,6.3,4.3,6.2,5.5,4.3,4.6,7.3,5.1,7.1,8.0,11.3,5.9,2.9,7.1,5.1,5.0,5.7,5.5,8.0,16.2,9.0,4.0,8.3,10.0,6.8,2.3,3.6,3.2,3.1,6.9,4.5,2.9,5.0,3.1,9.0,5.5,7.3,5.7
1988-02,5.3,7.7,4.1,5.3,7.2,5.3,6.4,8.2,5.6,3.9,3.8,3.9,6.5,3.2,5.3,6.3,4.3,6.1,5.4,4.2,4.6,7.3,4.8,6.9,8.0,11.2,5.9,2.7,6.7,5.1,4.9,5.6,5.4,7.9,16.0,8.7,3.9,8.2,10.0,6.6,2.3,3.4,3.2,3.1,6.8,4.5,2.9,5.0,3.0,9.0,5.4,7.3,5.7
1988-03,5.2,7.7,4.1,5.3,7.2,5.2,6.4,8.0,5.6,3.8,3.8,3.8,6.5,3.2,5.3,6.3,4.2,6.0,5.3,4.1,4.4,7.0,4.7,6.8,8.0,11.0,5.8,2.7,6.7,5.0,4.7,5.5,5.2,7.9,14.6,8.3,3.7,8.1,10.1,6.5,2.2,3.5,3.2,3.0,6.7,4.3,2.9,4.7,2.9,9.1,5.3,6.8,5.7
1988-04,5.2,7.6,4.0,5.3,7.1,5.1,6.2,7.8,5.7,3.7,3.7,3.9,6.3,3.2,5.1,6.4,4.1,6.0,5.5,4.1,4.1,6.7,4.7,7.0,7.8,10.7,5.8,2.7,6.6,4.9,4.5,5.4,5.0,7.9,15.5,8.1,3.4,7.9,10.0,6.3,2.3,3.4,3.0,3.0,6.7,4.1,2.9,4.4,2.6,9.0,5.2,6.5,5.4
1988-05,5.4,7.5,4.1,5.2,7.0,5.1,6.2,7.5,5.6,3.7,3.8,3.9,6.2,3.3,5.1,6.6,4.2,5.9,5.7,4.2,4.3,6.4,4.7,6.9,7.8,10.7,5.9,2.8,6.5,4.8,4.5,5.4,5.0,7.9,15.4,8.3,3.4,7.8,10.0,6.2,2.3,3.7,3.1,3.0,6.6,4.2,2.9,4.6,2.7,9.1,5.1,6.2,5.6
1988-06,5.4,7.4,4.1,5.2,6.8,5.1,6.0,7.4,5.5,3.5,3.8,4.0,6.4,3.3,5.0,6.4,4.2,5.9,5.7,4.1,4.2,6.2,4.5,6.7,7.6,10.4,5.9,2.9,6.4,4.7,4.4,5.3,4.8,7.7,14.9,8.4,3.4,7.6,9.8,6.1,2.4,3.7,2.9,2.9,6.6,4.0,2.9,4.6,2.8,8.8,5.0,6.1,5.4
1988-07,5.4,7.3,4.2,5.2,6.6,5.0,5.9,7.3,5.4,3.6,3.8,4.1,6.3,3.3,5.1,6.4,4.1,5.8,5.7,4.1,4.2,6.1,4.4,6.7,7.7,10.5,5.7,3.0,6.6,4.6,4.4,5.2,4.8,7.6,14.5,8.6,3.4,7.5,9.6,6.0,2.5,3.9,3.0,2.9,6.5,4.0,2.9,4.7,2.8,8.7,5.0,6.2,5.4
1988-08,5.4,7.2,4.3,5.2,6.7,4.9,6.0,7.6,5.5,3.6,3.8,4.1,6.3,3.3,5.2,6.3,4.2,5.7,5.7,4.1,4.4,6.1,4.7,6.9,7.6,10.4,5.7,3.0,6.6,4.6,4.5,5.2,4.9,7.6,14.5,8.6,3.4,7.4,9.7,5.8,2.6,3.9,3.0,3.0,6.5,4.1,2.9,4.8,2.9,8.7,4.9,6.4,5.6
1988-09,5.3,7.2,4.5,5.3,6.4,4.9,6.0,7.4,5.5,3.6,3.8,4.1,6.5,3.3,5.2,6.3,4.3,5.7,5.6,4.1,4.3,6.0,4.5,6.9,7.5,10.3,5.9,2.9,6.4,4.5,4.5,5.1,4.8,7.6,14.5,9.0,3.4,7.2,9.5,5.7,2.6,3.9,3.0,3.0,6.4,4.1,2.9,4.8,3.2,8.6,4.9,6.3,5.4
1988-10,5.2,7.1,4.5,5.3,6.5,4.9,5.9,7.3,5.4,3.7,3.8,4.1,6.0,3.4,5.2,6.4,4.2,5.7,5.6,4.0,4.3,5.9,4.5,6.9,7.4,10.0,5.6,2.9,6.4,4.5,4.5,5.0,4.7,7.5,14.6,9.2,3.3,7.1,9.4,5.7,2.6,3.8,2.9,3.0,6.3,4.1,2.9,4.7,3.3,8.5,4.9,6.5,5.4
1988-11,5.1,7.1,4.5,5.4,6.5,4.8,5.7,7.1,5.3,3.7,3.8,4.0,5.9,3.4,5.0,6.2,4.1,5.6,5.7,3.9,4.1,5.8,4.3,7.0,7.2,9.8,5.5,2.9,6.3,4.4,4.5,5.0,4.7,7.4,14.8,9.2,3.2,7.0,9.2,5.6,2.6,3.6,2.9,3.1,6.2,4.1,3.0,4.5,3.1,8.3,4.8,6.5,5.3
1988-12,5.1,7.1,4.6,5.4,6.3,4.6,5.6,7.2,5.3,3.7,3.9,3.9,5.7,3.5,4.9,6.2,4.1,5.5,5.7,3.8,4.1,5.9,4.3,7.0,7.1,9.8,5.3,3.0,6.3,4.4,4.4,5.0,4.7,7.4,13.9,9.0,3.0,6.9,9.0,5.5,2.6,3.5,2.8,3.1,6.2,4.0,3.0,4.5,3.0,7.9,4.8,6.7,5.3
1989-01,5.1,7.0,4.7,5.5,6.0,4.6,5.3,6.8,5.3,3.6,3.8,3.8,5.9,3.5,4.6,5.8,4.0,5.5,5.5,3.7,4.2,6.0,4.4,7.0,6.9,9.7,5.5,2.9,6.1,4.3,4.3,4.9,4.6,7.3,15.0,8.9,2.8,6.9,8.8,5.4,2.6,3.4,2.8,3.2,6.2,3.9,3.0,4.5,3.1,7.5,4.9,6.8,5.4
1989-02,5.1,7.0,4.7,5.5,5.9,4.6,5.2,6.7,5.2,3.4,3.8,3.8,6.1,3.6,4.5,5.6,4.1,5.4,5.5,3.7,4.2,6.2,4.3,6.7,6.9,9.4,5.5,3.0,6.2,4.3,4.5,4.9,4.5,7.4,13.8,8.7,2.9,6.8,8.8,5.4,2.6,3.3,2.6,3.3,6.2,3.9,3.0,4.4,3.1,7.4,4.9,6.9,5.2
1989-03,5.1,6.9,4.6,5.6,6.0,4.6,5.3,6.8,5.4,3.6,3.6,3.8,6.0,3.7,4.4,5.4,4.1,5.3,5.6,3.8,4.1,5.8,4.3,6.8,6.7,8.9,5.6,3.1,6.0,4.3,4.3,4.8,4.6,7.3,14.4,8.5,2.9,6.8,8.6,5.4,2.8,3.4,2.4,3.4,6.1,3.9,3.0,4.2,3.3,7.0,4.9,6.5,5
1989-04,5.2,6.8,4.9,5.7,6.0,4.6,5.3,6.8,5.5,3.7,3.8,3.8,5.9,3.8,4.5,5.5,4.3,5.3,5.4,3.8,4.4,5.7,4.2,6.8,6.7,8.5,5.5,3.2,5.9,4.3,4.2,4.8,4.7,7.3,14.2,8.5,2.9,6.7,8.8,5.3,3.0,3.8,2.4,3.6,6.1,4.0,3.1,4.4,3.5,6.7,4.9,6.0,5.2
1989-05,5.2,6.8,5.0,5.8,6.0,4.7,5.5,6.9,5.3,3.7,3.8,3.9,5.7,3.9,4.5,5.3,4.4,5.2,5.3,3.8,4.4,5.6,4.3,6.7,6.6,8.1,5.4,3.4,5.8,4.3,4.1,4.8,4.7,7.2,14.4,8.2,2.8,6.7,8.9,5.3,3.2,4.1,2.3,3.7,6.1,4.0,3.1,4.2,3.5,6.6,4.9,6.3,5.2
1989-06,5.2,6.7,5.0,5.8,5.9,4.7,5.6,7.2,5.4,3.6,4.1,3.9,5.8,4.1,4.6,5.4,4.4,5.2,5.4,3.8,4.3,5.6,4.6,6.8,6.5,7.8,5.3,3.5,5.7,4.3,4.2,4.7,4.6,7.0,14.6,7.8,2.9,6.7,8.8,5.3,3.5,4.1,2.3,3.9,6.0,4.0,3.1,4.3,3.6,6.6,5.0,6.3,5.3
1989-07,5.2,6.6,4.9,5.7,5.8,4.7,5.5,7.3,5.3,3.5,4.2,4.0,5.9,4.2,4.8,5.4,4.4,5.2,5.4,3.8,4.4,5.4,4.7,6.7,6.5,7.4,5.4,3.7,5.7,4.3,4.0,4.7,4.6,6.9,15.2,7.5,2.9,6.7,8.9,5.3,3.6,4.3,2.3,4.0,6.0,4.0,3.1,4.4,3.5,6.7,5.1,6.3,5.2
1989-08,5.1,6.6,5.0,5.8,6.0,4.7,5.6,7.3,5.3,3.7,4.3,3.9,6.0,4.3,4.8,5.4,4.3,5.1,5.3,3.7,4.4,5.5,4.8,6.6,6.3,7.0,5.4,3.8,5.6,4.3,4.1,4.7,4.7,6.8,14.8,7.4,2.9,6.7,8.7,5.3,3.8,4.3,2.3,4.2,6.0,4.1,3.1,4.4,3.8,6.8,5.1,6.4,5.2
1989-09,5.2,6.6,5.1,5.7,6.1,4.8,5.7,7.6,5.2,3.7,4.4,4.0,5.9,4.4,4.9,5.1,4.4,5.1,5.5,3.7,4.3,5.4,4.9,6.5,6.4,6.6,5.4,3.9,5.5,4.3,4.2,4.7,4.8,6.8,15.1,7.7,2.9,6.7,8.6,5.2,4.0,4.2,2.3,4.4,6.0,4.1,3.2,4.5,3.8,7.0,5.1,6.2,5.3
1989-10,5.1,6.6,5.2,5.8,6.3,4.8,5.8,7.7,5.2,3.5,4.6,4.0,5.8,4.6,5.0,4.7,4.3,5.1,5.5,3.7,4.3,5.4,5.3,6.3,6.1,6.3,5.3,4.1,5.3,4.3,4.3,4.7,4.7,6.7,15.4,7.7,2.8,6.7,8.6,5.2,4.2,4.3,2.2,4.6,6.0,4.0,3.2,4.4,3.9,6.9,5.2,6.0,5.3
1989-11,5.2,6.6,5.3,5.9,6.4,4.9,5.8,7.6,5.3,3.4,4.6,4.0,5.7,4.7,4.9,4.8,4.3,5.1,5.6,3.6,4.4,5.3,5.0,6.3,6.1,6.2,5.4,4.2,5.3,4.4,4.1,4.7,4.6,6.8,14.5,7.8,2.7,6.7,8.3,5.2,4.4,4.4,2.2,4.7,6.0,3.9,3.2,4.3,3.8,6.9,5.3,6.2,5.4
1989-12,5.1,6.5,5.3,5.9,6.4,5.0,5.7,7.5,5.1,3.5,4.4,4.0,5.4,4.9,4.9,4.8,4.0,5.2,5.6,3.6,4.7,5.5,4.9,6.2,6.1,5.8,5.1,4.4,5.6,4.4,4.2,4.7,4.5,6.8,14.2,7.8,2.7,6.6,8.3,5.2,4.5,4.5,2.4,4.9,5.9,4.0,3.2,4.3,4.0,7.0,5.5,6.1,5.4
1990-01,5.1,6.5,5.2,6.0,6.2,5.0,5.8,8.3,5.2,3.6,4.6,4.1,5.1,5.2,4.9,5.1,4.3,5.2,5.6,3.9,4.6,5.2,4.7,6.2,6.1,5.8,4.9,4.6,6.1,4.4,4.2,4.7,4.3,6.6,14.2,8.0,2.4,6.7,8.2,5.3,4.7,4.6,2.5,5.1,6.0,3.8,3.2,4.0,4.1,7.2,5.2,5.7,5.4
1990-02,5.2,6.5,5.1,6.0,6.1,5.0,5.3,7.6,5.1,3.6,4.5,3.9,5.2,5.4,4.9,5.3,3.9,5.2,5.5,3.6,4.6,5.2,4.7,6.4,5.8,5.5,5.3,4.7,5.4,4.4,4.1,4.8,4.4,6.6,13.6,7.9,2.2,6.7,7.9,5.3,4.9,4.7,2.5,5.3,6.0,3.7,3.2,3.9,4.4,7.1,5.3,5.7,5.3
1990-03,5.3,6.5,5.1,6.1,6.1,5.0,5.3,7.4,5.1,3.6,4.6,3.9,5.3,5.6,5.0,5.5,4.0,5.2,5.5,3.5,4.7,5.3,4.6,6.5,5.8,5.4,5.1,4.8,5.4,4.4,4.2,4.8,4.6,6.7,14.1,7.6,2.2,6.7,7.9,5.3,5.1,4.8,2.5,5.5,5.9,3.7,3.2,3.8,4.7,7.0,5.4,5.6,5.2
1990-04,5.4,6.4,5.2,6.1,6.3,5.2,5.9,7.4,5.1,3.8,4.8,4.0,5.0,5.8,5.2,5.5,4.1,5.3,5.5,3.7,4.8,5.2,4.8,6.2,5.9,5.4,5.0,4.9,5.4,4.4,4.2,4.9,4.6,6.7,14.9,7.5,2.4,6.7,8.1,5.4,5.2,4.8,2.6,5.7,6.0,3.7,3.2,3.9,4.7,7.1,5.6,5.3,5.4
1990-05,5.5,6.4,5.3,6.2,6.1,5.2,5.8,7.5,5.1,3.9,4.9,4.2,5.1,6.0,5.0,5.5,4.0,5.3,5.4,3.8,4.8,5.3,4.8,6.2,5.9,5.3,5.1,4.9,5.6,4.5,4.2,4.9,4.6,6.7,11.5,7.0,2.3,6.7,8.3,5.4,5.5,4.8,2.6,5.9,6.0,3.8,3.2,4.0,4.9,7.1,5.7,5.1,5.4
1990-06,5.4,6.3,5.2,6.2,6.1,5.3,5.7,7.5,5.1,3.9,5.0,4.2,4.9,6.2,4.9,5.4,4.1,5.4,5.5,3.9,4.7,5.1,4.8,6.2,6.0,5.5,5.4,4.8,5.4,4.5,4.2,5.0,4.5,6.6,14.0,7.2,2.2,6.7,8.4,5.4,5.6,5.0,2.5,6.0,6.0,3.8,3.2,4.1,4.7,6.8,5.9,4.9,5.2
1990-07,5.6,6.3,5.2,6.2,6.3,5.4,5.7,7.5,5.2,4.1,5.0,4.4,5.0,6.4,4.8,5.4,4.3,5.5,5.7,5.1,4.8,5.1,4.9,6.2,5.9,5.6,5.5,4.9,5.4,4.5,4.3,5.1,4.4,6.7,13.7,7.4,2.4,6.8,8.5,5.5,5.7,5.2,2.4,6.2,6.0,3.8,3.3,4.2,4.7,6.9,6.1,4.9,5.5
1990-08,5.8,6.3,5.3,6.3,6.4,5.5,5.7,7.6,5.1,4.1,5.2,4.5,5.0,6.6,5.0,5.3,4.4,5.6,5.8,5.2,4.8,5.1,4.8,6.3,5.9,6.1,5.5,4.9,5.7,4.5,4.4,5.2,4.4,6.7,14.5,7.4,2.4,6.8,8.7,5.5,5.9,5.2,2.3,6.4,6.1,3.8,3.3,4.1,4.8,7.1,6.2,5.2,5.7
1990-09,6.0,6.3,5.5,6.3,6.5,5.6,5.7,7.6,5.2,4.3,5.4,4.6,5.0,6.8,4.9,5.1,4.6,5.7,6.0,5.2,4.8,5.0,5.0,6.4,6.1,6.3,5.6,5.0,5.4,4.5,4.5,5.3,4.4,6.8,14.5,7.3,2.4,6.8,9.0,5.6,6.0,5.3,2.4,6.5,6.1,3.8,6.0,4.2,4.9,7.0,6.4,5.3,5.9
1990-10,6.3,6.4,5.6,6.4,6.3,5.8,5.8,7.9,5.2,4.9,5.6,5.0,5.1,7.0,4.9,5.0,4.6,5.8,6.2,5.3,4.9,5.0,4.9,6.4,6.3,6.3,5.7,5.1,5.8,4.6,4.5,5.4,4.4,6.9,15.0,7.7,2.4,6.9,9.2,5.6,6.2,5.8,2.3,6.7,6.1,3.8,6.0,4.1,5.1,7.1,6.5,5.3,5.9
1990-11,6.6,6.5,5.6,6.6,6.3,6.0,6.0,8.3,5.3,4.9,5.8,5.1,5.5,7.3,5.3,5.1,4.9,5.9,6.3,5.6,4.9,5.0,5.0,6.5,6.7,6.4,5.8,5.2,6.0,4.6,4.7,5.5,4.4,7.0,14.6,8.4,2.2,6.9,9.4,5.6,6.4,6.4,2.3,6.9,6.1,3.7,6.0,4.1,5.8,7.0,6.7,5.4,6.2
1990-12,6.8,6.6,5.8,6.7,6.3,6.1,6.2,8.3,5.3,5.2,5.9,5.4,5.6,7.6,5.3,5.0,4.8,6.0,6.4,5.7,5.0,5.0,5.2,6.5,6.8,6.7,5.7,5.3,6.3,4.6,4.6,5.6,4.4,7.1,15.4,8.7,2.3,7.0,9.6,5.7,6.6,6.8,2.3,7.1,6.1,3.6,5.9,3.9,6.2,7.0,6.8,5.3,6.3
1991-01,7.1,6.6,6.6,6.8,6.5,6.3,6.3,8.6,5.4,5.5,6.2,5.6,6.0,8.0,5.5,4.8,5.1,6.2,6.7,5.9,5.0,5.1,5.4,6.8,7.1,6.8,5.8,5.6,6.7,4.6,5.0,5.7,4.4,7.2,14.7,9.0,2.5,7.0,9.5,5.7,6.8,7.5,2.4,7.2,6.2,3.6,5.9,3.9,6.5,7.1,7.0,5.4,6.4
1991-02,7.3,6.7,6.8,7.2,6.5,6.6,6.7,9.2,5.6,5.8,6.3,6.1,5.9,8.3,5.9,4.9,5.5,6.3,6.9,6.3,5.3,5.2,6.0,7.1,7.4,6.7,5.9,6.0,6.0,4.6,4.9,5.9,4.5,7.1,16.0,9.4,2.4,7.0,9.8,5.8,6.9,8.3,2.5,7.4,6.2,3.6,5.9,4.1,6.9,7.3,7.1,5.1,6.6
1991-03,7.6,6.8,7.1,7.4,6.8,6.7,6.8,9.5,5.6,6.0,6.5,6.1,6.1,8.6,6.3,4.8,5.7,6.4,6.8,6.4,5.4,5.2,6.1,7.1,7.6,6.6,5.9,6.2,5.9,4.6,4.7,6.0,4.6,7.2,15.3,9.6,2.4,7.1,10.1,5.8,7.1,8.7,2.8,7.6,6.2,3.6,5.8,4.2,7.0,7.6,7.3,4.9,6.8
1991-04,7.7,6.8,7.3,7.5,6.8,6.8,6.8,9.6,5.4,6.1,6.6,6.0,6.2,8.8,5.7,4.9,5.6,6.5,6.8,6.4,5.4,5.3,6.0,7.1,7.6,6.7,6.1,6.3,6.2,4.6,4.7,6.1,4.7,7.2,16.3,9.5,2.6,7.1,10.3,5.8,7.2,8.7,2.8,7.8,6.3,3.6,5.8,4.4,7.7,7.8,7.4,4.8,6.7
1991-05,7.8,6.9,7.4,7.5,6.7,6.9,6.5,9.3,5.2,6.0,6.6,5.8,6.1,8.9,5.7,5.3,5.4,6.6,6.7,6.3,5.2,5.4,5.8,7.0,7.5,6.9,6.1,6.5,6.2,4.6,4.5,6.2,4.6,7.2,15.9,9.6,2.6,7.1,10.4,5.9,7.3,8.0,2.6,7.9,6.3,3.6,5.8,4.5,7.2,8.0,7.6,4.9,6.9
1991-06,7.8,6.9,7.4,7.6,6.9,6.9,6.5,9.3,5.0,5.9,6.7,5.8,6.2,9.0,5.6,5.6,5.4,6.6,6.6,6.2,5.1,5.4,6.0,6.9,7.4,6.9,6.2,6.6,6.1,4.6,4.4,6.2,4.8,7.2,16.5,9.4,2.6,7.2,10.4,5.9,7.3,7.5,2.7,8.1,6.3,3.6,5.7,4.4,7.1,8.2,7.6,4.7,6.9
1991-07,7.8,7.0,7.4,7.6,7.1,7.0,6.5,9.0,4.8,6.1,6.7,5.8,6.2,9.1,5.5,5.6,5.1,6.7,6.3,6.1,5.1,5.5,6.0,6.8,7.4,7.1,6.3,6.7,6.1,4.6,4.4,6.3,4.8,7.2,15.6,9.1,2.7,7.2,10.6,5.9,7.4,7.2,2.7,8.3,6.3,3.6,5.7,4.4,6.7,8.3,7.8,4.7,6.8
1991-08,7.8,7.0,7.5,7.6,7.4,7.0,6.4,9.2,4.7,5.8,6.8,5.7,6.3,9.1,5.3,6.1,5.2,6.7,6.3,6.1,5.0,5.5,6.2,6.7,7.4,7.0,6.4,6.8,6.2,4.6,4.3,6.4,4.8,7.1,16.2,8.7,2.8,7.2,10.8,6.0,7.5,6.9,2.8,8.4,6.4,3.6,5.7,4.5,5.9,8.5,7.9,4.8,6.9
1991-09,7.9,7.1,7.4,7.7,7.5,7.1,6.5,9.4,4.7,5.9,6.9,5.7,6.3,9.1,5.3,6.3,5.3,6.7,6.3,6.1,5.1,5.5,6.2,6.6,7.4,6.9,6.6,6.8,6.2,4.6,4.2,6.4,4.9,7.2,15.9,8.3,2.7,7.2,10.9,6.0,7.5,6.8,3.0,8.5,6.4,3.6,5.6,4.4,5.8,8.7,8.0,5.1,6.9
1991-10,7.9,7.2,7.5,7.8,7.9,7.2,6.5,9.5,4.6,5.8,7.1,5.8,6.4,9.1,5.4,6.6,5.3,6.7,6.4,6.2,5.1,5.6,6.2,6.7,7.4,6.9,6.9,6.9,6.3,4.6,4.3,6.5,4.8,7.2,15.7,8.0,2.6,7.3,10.9,6.1,7.5,6.7,2.8,8.6,6.4,3.6,5.6,4.4,5.8,9.0,8.1,5.1,7
1991-11,8.1,7.3,7.6,7.9,8.3,7.3,6.6,9.5,4.6,6.0,7.3,6.0,6.8,9.1,5.5,6.9,5.3,6.8,6.3,6.3,5.4,5.8,6.4,6.7,7.3,6.9,7.0,7.0,6.3,4.6,4.4,6.6,5.0,7.2,16.7,8.0,3.0,7.3,11.0,6.2,7.6,6.9,3.0,8.7,6.4,3.7,5.6,4.6,6.1,9.2,8.2,5.6,7
1991-12,8.3,7.5,8.0,8.2,8.7,7.4,6.9,9.5,4.7,6.1,7.5,6.1,7.0,9.1,5.6,7.1,5.1,6.8,6.3,6.5,5.2,5.9,6.6,7.0,7.3,7.1,7.1,7.1,6.4,4.6,4.4,6.7,4.9,7.4,17.0,8.3,2.8,7.3,11.3,6.2,7.6,7.4,3.3,8.8,6.4,3.5,5.6,4.5,6.6,9.2,8.2,5.7,7.3
1992-01,8.5,7.6,8.2,8.4,8.5,7.5,7.2,9.7,4.9,6.3,7.7,6.4,6.9,9.1,5.8,7.4,4.9,6.7,6.3,6.6,5.2,5.9,6.6,7.0,7.2,7.3,7.3,7.3,6.4,4.5,4.4,6.8,5.0,7.5,17.1,8.5,2.8,7.4,11.2,6.3,7.6,7.9,3.4,8.9,6.5,3.4,5.5,4.6,6.8,9.4,8.3,6.0,7.3
1992-02,9.0,7.6,8.4,8.6,8.5,7.6,7.3,9.7,7.2,6.4,7.9,6.5,7.1,9.1,5.9,7.5,4.8,6.7,6.0,6.7,5.2,5.9,6.6,7.1,7.1,7.6,7.5,7.5,6.7,4.5,4.4,6.9,5.0,7.4,17.4,8.5,2.7,7.4,11.2,6.3,7.6,7.9,3.8,8.9,6.5,3.4,5.5,4.7,6.7,9.3,8.3,5.9,7.4
1992-03,8.9,7.7,8.5,8.6,8.4,7.7,7.4,9.7,7.1,6.4,8.1,6.5,7.0,9.1,6.0,7.7,4.8,6.7,6.0,6.9,5.2,6.1,6.8,7.1,7.0,7.7,7.5,7.5,6.7,4.5,4.5,6.9,5.0,7.3,16.9,8.4,2.8,7.4,11.4,6.4,7.7,7.9,3.9,8.9,6.5,3.4,5.5,4.7,6.9,9.2,8.4,5.8,7.4
1992-04,8.9,7.7,8.6,8.6,8.3,7.8,7.4,9.5,7.0,6.3,8.3,6.3,6.9,9.1,6.2,7.5,4.9,6.7,6.1,6.9,4.9,6.0,6.7,7.1,6.9,7.8,7.3,7.5,6.3,4.5,4.5,6.9,5.0,7.3,16.4,8.5,2.8,7.5,11.3,6.4,7.7,7.6,3.9,8.9,6.5,3.4,5.5,4.6,7.0,9.1,8.4,5.5,7.4
1992-05,9.2,7.7,8.7,8.7,8.2,7.8,7.4,9.4,6.9,6.3,8.6,6.4,7.0,9.1,6.3,7.4,5.2,6.6,6.2,6.7,5.1,6.1,6.6,7.1,6.9,7.7,7.2,7.5,6.2,4.5,4.5,7.0,5.0,7.2,16.9,8.7,2.9,7.5,11.3,6.4,7.7,7.3,4.3,8.9,6.5,3.6,5.4,4.7,6.9,9.1,8.5,5.7,7.6
1992-06,9.4,7.7,8.9,8.7,8.2,7.8,7.5,9.3,6.9,6.4,8.8,6.3,7.0,9.0,6.3,7.5,5.3,6.6,6.1,6.7,5.1,6.2,6.6,7.1,6.9,8.0,7.2,7.4,6.3,4.5,4.7,7.0,5.0,7.3,16.3,8.8,3.0,7.5,11.5,6.4,7.7,7.0,4.3,8.9,6.5,3.6,5.4,4.8,6.5,9.1,8.6,5.9,7.8
1992-07,9.5,7.7,8.9,8.8,7.8,7.7,7.3,9.3,6.8,6.2,8.8,6.1,7.2,8.9,6.2,7.5,5.3,6.6,6.0,6.5,5.1,6.1,6.7,6.9,6.8,8.4,7.3,7.3,6.1,4.5,4.6,7.0,5.0,7.1,17.4,8.6,3.0,7.5,11.3,6.4,7.6,6.7,4.4,8.9,6.5,3.6,5.4,4.8,6.3,8.9,8.7,5.6,7.7
1992-08,9.7,7.6,8.8,8.9,7.4,7.8,7.4,9.1,6.9,6.3,8.8,6.0,7.2,8.8,6.2,7.3,5.4,6.5,5.9,6.4,5.3,6.1,6.7,6.8,7.0,8.3,7.2,7.3,6.0,4.5,4.8,7.0,4.9,7.1,15.9,8.7,3.0,7.5,11.4,6.5,7.6,6.6,4.5,8.9,6.5,3.7,5.4,4.9,6.2,8.8,8.7,5.6,7.6
1992-09,9.8,7.6,8.9,8.9,7.2,7.8,7.4,9.0,6.7,6.2,8.7,6.0,7.2,8.7,6.2,7.4,5.5,6.5,5.9,6.4,5.1,6.0,6.6,6.6,7.0,8.4,7.3,7.1,6.2,4.5,4.8,7.0,4.9,7.0,17.1,8.4,2.9,7.5,11.4,6.5,7.6,6.5,4.2,8.8,6.4,3.6,5.3,4.8,6.0,8.8,8.7,5.7,7.6
1992-10,9.9,7.5,8.7,7.4,6.9,7.7,7.4,8.8,6.6,6.0,8.6,5.9,7.5,8.5,5.9,7.3,5.5,6.4,5.8,6.4,5.0,6.0,6.6,6.5,7.0,7.8,7.3,7.0,5.7,4.4,4.7,7.0,4.8,6.9,16.1,8.1,2.9,7.5,11.3,6.5,7.5,6.6,4.8,8.7,6.4,3.6,5.3,4.9,6.0,8.7,8.7,5.4,7.3
1992-11,9.8,7.5,8.6,7.4,7.2,7.6,7.3,8.4,6.6,6.0,8.6,5.7,7.4,8.4,5.9,7.2,5.3,6.4,5.7,6.3,5.1,5.8,6.5,6.6,6.8,7.5,7.2,7.0,5.7,4.4,4.8,6.9,4.8,6.8,16.2,7.6,2.8,7.5,11.1,6.4,7.4,6.7,4.7,8.6,6.4,3.6,5.2,4.8,6.0,8.5,8.8,5.5,7.4
1992-12,9.9,7.5,8.5,7.4,7.3,7.5,7.2,8.1,6.4,5.9,8.4,5.7,7.5,8.2,5.8,7.1,4.9,6.4,5.9,6.3,5.0,6.1,6.7,6.7,6.8,7.9,7.3,7.0,6.1,4.4,4.9,6.9,4.7,6.7,16.2,7.4,2.8,7.5,11.1,6.4,7.3,6.7,4.7,8.5,6.3,3.5,5.2,4.6,5.9,8.2,8.8,5.5,7.4
1993-01,9.9,7.5,8.4,7.4,7.3,7.3,7.0,7.5,6.4,5.7,8.1,5.5,7.7,8.0,5.6,7.1,4.5,6.3,6.0,6.1,4.9,6.0,6.9,6.7,6.6,7.6,7.3,6.8,5.9,4.4,4.9,6.9,4.6,6.6,16.9,7.1,2.9,7.5,10.7,6.4,7.3,6.6,4.7,8.5,6.3,3.6,5.2,4.5,5.9,8.0,8.7,5.3,7.3
1993-02,9.8,7.4,8.2,7.3,7.5,7.2,6.8,7.4,6.2,5.6,8.0,5.3,7.3,7.9,5.5,6.8,4.4,6.3,6.0,6.1,4.9,5.8,7.2,6.6,6.4,7.3,7.1,6.6,5.8,4.3,4.8,6.9,4.4,6.3,17.6,7.2,2.8,7.5,10.7,6.4,7.1,6.5,4.6,8.4,6.2,3.6,5.1,4.3,5.8,7.9,8.6,5.7,7.1
1993-03,9.7,7.4,8.0,7.3,7.8,7.3,6.8,7.3,6.3,5.5,8.1,5.3,7.3,7.8,5.6,6.7,4.3,6.3,6.2,6.2,5.0,5.6,7.5,6.7,6.8,7.4,7.1,6.7,6.0,4.3,5.0,6.9,4.4,6.3,17.3,7.3,2.9,7.4,10.8,6.3,6.9,6.6,4.6,8.3,6.2,3.6,5.1,4.4,5.8,7.8,8.6,5.8,7
1993-04,9.6,7.3,7.9,7.3,7.9,7.3,6.9,7.4,6.0,5.6,8.1,5.3,7.2,7.6,5.9,6.6,4.6,6.2,6.3,6.2,5.1,5.5,7.7,6.8,6.8,7.5,7.2,6.9,6.2,4.3,5.1,6.9,4.3,6.3,17.0,7.4,3.0,7.4,10.9,6.3,6.7,6.6,4.4,8.2,6.1,3.6,5.1,4.4,5.7,7.8,8.5,5.5,7.1
1993-05,9.6,7.2,8.0,7.3,7.8,7.2,6.8,7.5,5.9,5.4,7.9,5.3,7.1,7.5,6.1,6.2,4.6,6.1,6.3,6.1,5.2,5.4,7.6,6.8,6.8,7.4,7.1,6.7,6.2,4.3,5.2,6.9,4.3,6.3,17.4,7.3,2.9,7.3,10.8,6.2,6.4,6.7,4.3,8.1,6.1,3.5,5.0,4.5,5.5,7.9,8.5,5.4,7.1
1993-06,9.6,7.2,7.9,7.3,7.7,7.2,6.7,7.5,5.9,5.3,7.6,5.2,7.1,7.4,6.1,6.1,4.6,6.1,6.3,6.1,5.1,5.3,7.5,6.9,6.6,7.2,7.1,6.6,6.2,4.2,5.1,6.8,4.3,6.1,16.8,7.0,2.8,7.3,10.6,6.1,6.3,6.7,4.3,8.0,6.0,3.6,5.0,4.5,5.3,7.7,8.5,5.4,7
1993-07,9.5,7.1,7.7,7.2,7.4,7.0,6.7,7.3,5.8,5.0,7.5,5.1,7.1,7.2,3.9,6.1,4.5,6.0,6.2,6.0,4.9,5.2,7.5,6.9,6.4,7.2,7.2,6.4,6.1,4.2,5.1,6.8,4.1,6.0,17.2,6.6,2.8,7.3,10.4,6.1,6.2,6.4,4.2,7.8,6.0,3.6,5.0,4.5,5.1,7.5,8.5,5.6,6.9
1993-08,9.4,7.1,7.7,7.2,7.4,7.0,6.7,7.4,5.8,5.0,7.4,5.1,7.1,7.1,4.0,6.1,4.6,5.9,6.3,6.0,5.0,5.1,7.3,6.6,6.4,7.4,7.0,6.3,6.1,4.2,5.1,6.7,4.0,6.0,17.7,6.8,2.8,7.2,10.4,6.0,6.1,6.5,4.2,7.7,5.9,3.6,4.9,4.6,4.9,7.4,8.4,5.6,6.8
1993-09,9.4,7.0,7.7,7.1,7.5,6.9,6.7,7.4,5.8,4.9,7.4,5.0,6.9,7.0,4.2,6.1,4.5,5.8,6.2,5.8,4.9,5.0,7.0,6.5,6.2,7.3,6.8,6.1,6.0,4.1,5.1,6.7,4.0,6.0,16.7,6.8,2.7,7.2,10.3,5.9,5.9,6.6,4.0,7.7,5.9,3.6,4.9,4.5,4.8,7.4,8.4,5.4,6.7
1993-10,9.4,7.0,7.7,7.1,7.1,6.9,6.6,7.3,5.8,4.8,7.2,5.0,6.9,6.9,4.3,6.2,4.5,5.7,6.1,5.8,4.8,5.0,6.8,6.3,6.0,7.6,6.6,5.9,6.0,4.1,5.2,6.6,4.0,5.9,16.8,6.7,2.7,7.1,10.1,5.9,5.9,6.5,4.1,7.6,5.8,3.6,4.9,4.5,4.9,7.6,8.3,5.6,6.8
1993-11,9.3,6.9,7.7,7.1,6.6,6.8,6.5,7.2,5.7,4.6,7.1,4.9,6.8,6.8,4.3,6.2,4.5,5.6,5.9,5.7,4.7,4.9,6.8,6.3,5.8,7.8,6.4,5.8,6.0,4.0,5.1,6.6,3.9,5.8,16.6,6.5,2.6,7.0,9.9,5.8,5.7,6.7,4.4,7.5,5.8,3.5,4.8,4.2,4.8,7.5,8.3,5.6,6.6
1993-12,9.3,6.9,7.7,7.0,6.5,6.6,6.5,7.2,5.7,4.6,7.1,4.9,6.9,6.7,4.5,6.3,4.5,5.5,5.7,5.7,4.6,4.9,6.7,6.1,5.7,7.6,6.4,5.7,5.8,4.0,5.1,6.5,3.8,5.8,16.3,6.7,2.6,7.0,9.7,5.7,5.5,6.7,4.5,7.4,5.7,3.4,4.8,4.1,4.9,7.5,8.2,5.6,6.5
1994-01,9.3,6.9,7.6,6.9,6.5,6.7,6.1,6.9,5.6,4.5,7.1,4.9,6.8,6.7,4.4,6.1,4.4,5.4,5.5,5.4,4.6,4.8,6.6,6.0,5.6,7.8,6.2,5.6,6.0,3.9,4.9,6.5,3.7,5.6,16.4,6.9,2.6,6.9,9.7,5.7,5.4,6.7,4.9,7.2,5.7,3.3,4.8,4.0,4.9,7.7,8.2,5.7,6.6
1994-02,9.2,6.9,7.6,6.9,6.4,6.6,6.1,7.0,5.5,4.5,7.1,4.9,6.9,6.6,4.5,6.2,4.6,5.3,5.4,5.4,4.5,4.8,6.7,5.8,5.7,7.6,6.1,5.6,5.9,3.9,5.0,6.4,3.7,5.5,15.6,7.1,2.8,6.8,9.5,5.6,5.3,6.8,5.1,7.1,5.6,3.4,4.7,3.9,4.8,7.7,8.2,5.8,6.6
1994-03,9.0,6.8,7.5,6.8,6.2,6.7,6.1,6.6,5.3,4.4,7.2,4.8,6.9,6.5,4.5,6.2,4.5,5.2,5.3,5.4,4.3,4.7,6.7,5.6,5.5,7.7,5.9,5.7,5.9,3.9,5.0,6.3,3.8,5.6,15.1,7.0,2.8,6.8,9.3,5.5,5.1,6.8,5.1,7.1,5.6,3.4,4.7,3.9,4.7,7.7,8.1,5.7,6.5
1994-04,8.9,6.7,7.3,6.7,6.0,6.5,6.0,6.4,5.2,4.4,7.0,4.8,6.7,6.4,4.6,6.1,4.4,5.1,5.1,5.2,4.1,4.6,6.5,5.4,5.5,7.7,5.7,5.6,5.9,3.8,5.0,6.3,3.8,5.5,14.8,7.0,2.6,6.7,9.0,5.5,5.0,6.7,5.2,7.0,5.5,3.3,4.6,3.7,4.7,7.8,8.0,5.3,6.4
1994-05,8.9,6.7,7.1,6.7,5.9,6.5,6.0,6.3,5.1,4.4,7.0,4.8,6.7,6.4,4.6,6.2,4.4,5.1,5.0,5.2,4.1,4.5,6.3,5.4,5.4,7.7,5.6,5.6,5.7,3.8,4.8,6.2,3.9,5.5,13.8,6.9,2.6,6.7,8.9,5.5,4.9,6.7,5.2,6.9,5.5,3.4,4.6,3.7,4.8,7.8,7.9,5.1,6.1
1994-06,8.8,6.6,7.0,6.6,5.7,6.3,5.8,6.1,5.0,4.4,6.9,4.8,6.5,6.3,4.6,6.3,4.4,5.0,4.8,5.2,4.0,4.3,6.0,5.3,5.4,7.6,5.6,5.5,5.6,3.7,4.7,6.1,3.8,5.4,14.4,6.7,2.7,6.6,8.8,5.4,4.7,6.5,5.1,6.8,5.5,3.4,4.6,3.7,4.5,7.5,7.9,5.0,6.1
1994-07,8.6,6.5,6.9,6.6,5.7,6.3,5.7,6.1,5.2,4.4,6.8,4.7,6.4,6.2,4.8,6.2,4.4,5.0,4.7,5.1,4.0,4.2,5.9,5.3,5.5,7.6,5.4,5.5,5.5,3.7,4.9,6.1,3.9,5.4,14.0,6.6,2.6,6.6,8.6,5.4,4.6,6.4,5.4,6.8,5.4,3.4,4.5,3.8,4.4,7.5,7.9,4.9,6.1
1994-08,8.5,6.5,6.7,6.5,5.6,6.2,5.5,6.0,4.9,4.5,6.7,4.7,6.3,6.1,4.7,6.3,4.3,5.0,4.8,5.1,4.0,4.2,5.8,5.3,5.4,7.6,5.3,5.5,5.6,3.7,4.9,6.0,3.9,5.3,14.1,6.3,2.6,6.5,8.5,5.4,4.5,6.3,5.3,6.7,5.4,3.4,4.5,3.7,4.5,7.4,8.0,4.8,6
1994-09,8.3,6.4,6.5,6.4,5.5,6.1,5.4,5.9,4.8,4.5,6.6,4.6,6.1,6.0,4.6,6.2,4.3,5.0,4.7,5.1,4.0,4.0,5.7,5.1,5.5,7.4,5.0,5.4,5.3,3.7,4.8,5.9,3.9,5.2,13.9,6.0,2.6,6.5,8.2,5.4,4.4,6.1,5.2,6.6,5.4,3.4,4.5,3.7,4.4,7.2,8.0,4.6,5.9
1994-10,8.1,6.3,6.5,6.2,5.6,6.1,5.1,5.7,4.8,4.4,6.6,4.6,6.2,6.0,4.5,6.1,4.2,5.0,4.7,5.0,3.9,3.9,5.6,5.2,5.5,7.5,5.0,5.3,5.2,3.7,4.8,5.9,3.9,5.1,14.4,6.4,2.6,6.5,8.2,5.3,4.4,6.2,5.1,6.6,5.4,3.4,4.5,3.6,4.4,7.2,8.0,4.6,5.8
1994-11,7.9,6.3,6.3,6.1,5.2,6.0,4.9,5.4,4.7,4.2,6.5,4.5,6.3,5.9,4.3,5.9,3.9,5.0,4.6,4.9,3.7,3.8,5.4,5.1,5.3,7.3,4.9,5.3,5.2,3.6,4.7,5.8,3.9,5.0,14.3,6.6,2.5,6.5,7.9,5.3,4.3,6.0,5.0,6.6,5.4,3.2,4.5,3.4,4.2,7.2,8.1,4.5,5.6
1994-12,7.9,6.3,6.2,6.0,5.1,5.9,4.9,5.3,4.7,4.1,6.4,4.5,6.3,5.8,4.3,5.7,3.8,5.0,4.7,5.0,3.7,3.6,5.2,5.1,5.3,7.1,4.9,5.3,5.1,3.6,4.8,5.8,3.9,4.9,13.9,6.4,2.5,6.5,8.0,5.3,4.3,6.0,4.9,6.5,5.4,3.2,4.4,3.5,4.3,7.3,8.2,4.5,5.5
1995-01,8.1,6.2,6.3,5.9,5.2,5.9,4.7,5.4,4.6,4.1,6.5,4.5,6.3,5.8,4.1,5.4,3.7,5.1,4.7,4.9,3.6,3.7,5.2,5.2,5.2,6.9,4.8,5.4,4.9,3.6,4.7,5.8,3.7,4.8,13.5,6.3,2.4,6.4,7.8,5.3,4.3,6.2,5.2,6.5,5.4,3.1,4.4,3.5,4.3,7.3,8.3,4.8,5.6
1995-02,7.8,6.2,6.4,5.7,5.2,6.0,4.7,5.4,4.7,4.3,6.5,4.4,6.4,5.7,4.2,5.3,3.7,5.1,4.8,5.1,3.7,3.7,5.1,5.3,5.4,6.9,4.9,5.5,4.7,3.6,4.4,5.7,3.6,5.0,13.0,6.0,2.2,6.5,8.0,5.3,4.2,6.1,5.1,6.4,5.4,3.0,4.4,3.4,4.3,7.1,8.3,4.9,5.4
1995-03,7.8,6.2,6.4,5.7,5.0,5.9,4.6,5.5,4.7,4.2,6.4,4.4,6.2,5.7,4.2,5.4,3.7,5.2,4.9,5.0,3.5,3.6,5.0,5.2,5.4,7.0,4.7,5.4,4.7,3.6,4.4,5.7,3.4,4.7,13.8,6.2,2.3,6.5,7.7,5.2,4.2,6.0,5.2,6.4,5.4,3.0,4.4,3.1,4.2,7.0,8.4,4.7,5.4
1995-04,7.8,6.2,6.4,5.7,5.4,5.9,4.7,5.5,4.8,4.3,6.5,4.4,6.2,5.6,4.5,5.5,3.8,5.3,4.9,5.0,3.7,3.9,5.0,5.3,5.5,7.1,4.7,5.3,4.5,3.6,4.5,5.6,3.6,4.7,13.8,6.4,2.6,6.6,7.7,5.2,4.1,5.9,5.4,6.4,5.4,3.2,4.4,3.1,4.2,6.8,8.5,4.7,5.8
1995-05,7.9,6.2,6.4,5.7,5.4,5.9,4.8,5.5,4.8,4.4,6.6,4.5,6.3,5.6,4.5,5.5,3.8,5.3,4.9,5.1,3.8,4.2,5.0,5.4,5.6,6.9,5.0,5.3,4.6,3.6,4.5,5.6,3.6,4.6,13.5,6.6,2.7,6.6,7.9,5.2,4.0,5.8,5.6,6.3,5.4,3.3,4.4,3.3,4.3,6.7,8.6,5.0,5.6
1995-06,7.8,6.1,6.3,5.7,5.0,5.9,4.9,5.6,4.9,4.5,6.6,4.5,6.2,5.5,4.5,5.4,3.8,5.3,4.9,5.2,3.7,4.2,5.0,5.4,5.6,6.7,4.9,5.3,4.6,3.6,4.4,5.6,3.6,4.7,13.5,6.7,2.7,6.7,8.0,5.2,3.9,5.9,5.6,6.3,5.4,3.2,4.4,3.3,4.3,6.9,8.7,4.7,5.6
1995-07,7.9,6.1,6.3,5.7,5.1,5.9,5.0,5.5,5.0,4.6,6.6,4.5,6.2,5.5,4.5,5.4,3.7,5.4,4.9,5.0,3.6,4.2,5.2,5.5,5.9,6.6,4.9,5.3,4.7,3.6,4.5,5.5,3.5,4.7,14.1,6.8,2.7,6.8,8.0,5.2,4.0,5.8,5.8,6.2,5.4,3.3,4.4,3.3,4.3,6.9,8.7,4.8,5.7
1995-08,7.9,6.1,6.4,5.7,5.4,5.9,5.1,5.3,4.9,4.6,6.5,4.6,6.4,5.4,4.4,5.4,3.7,5.4,4.8,5.1,3.6,4.3,5.1,5.3,5.9,6.5,4.9,5.3,4.7,3.6,4.3,5.5,3.5,4.9,13.2,7.0,2.7,6.8,8.0,5.2,3.9,5.7,5.9,6.1,5.4,3.4,4.4,3.3,4.3,6.9,8.8,4.9,5.7
1995-09,7.8,6.1,6.4,5.7,5.2,5.8,5.0,5.2,4.9,4.6,6.3,4.5,6.1,5.3,4.3,5.4,3.8,5.4,4.6,5.1,3.7,4.2,5.2,5.2,5.8,6.4,4.8,5.1,4.7,3.6,4.3,5.5,3.5,4.9,13.8,6.9,2.7,6.9,7.8,5.2,3.9,5.7,5.7,6.0,5.4,3.4,4.4,3.4,4.3,7.2,8.7,5.1,5.6
1995-10,7.8,6.1,6.3,5.6,5.1,5.8,5.0,5.0,4.9,4.5,6.3,4.5,6.2,5.3,4.4,5.2,3.8,5.4,4.3,5.1,3.8,4.2,5.3,5.1,5.6,6.4,4.9,5.1,4.7,3.6,4.3,5.4,3.5,4.9,14.6,6.4,2.8,7.1,7.7,5.3,3.8,5.5,5.7,5.9,5.5,3.3,4.4,3.4,4.3,7.3,8.7,5.0,5.5
1995-11,7.9,6.1,6.3,5.5,5.1,5.8,5.1,5.1,4.7,4.5,6.4,4.4,6.5,5.2,4.4,5.2,3.8,5.4,4.3,5.1,3.9,4.1,5.3,4.9,5.6,6.4,5.2,5.1,4.5,3.6,4.2,5.4,3.4,4.9,13.4,6.5,2.7,7.2,7.9,5.3,3.7,5.6,5.4,5.8,5.5,3.4,4.4,3.4,4.5,7.5,8.7,5.1,5.6
1995-12,7.8,6.0,6.3,5.5,5.3,5.7,5.1,5.0,4.6,4.6,6.4,4.3,6.3,5.1,4.2,5.2,3.6,5.4,4.3,5.0,3.9,4.0,5.3,4.8,5.4,6.4,5.2,5.2,4.3,3.7,4.2,5.4,3.3,4.9,13.8,6.7,2.8,7.3,7.7,5.3,3.7,5.6,5.5,5.7,5.5,3.4,4.4,3.2,4.3,7.6,8.7,4.8,5.6
1996-01,7.8,6.0,6.3,5.5,5.4,6.0,5.1,4.9,4.6,5.0,6.5,4.8,6.2,5.0,4.2,5.2,3.6,5.3,4.4,5.4,3.8,4.1,5.4,4.7,5.7,6.5,5.2,5.3,4.5,3.7,4.1,5.4,3.2,4.9,13.6,6.9,2.7,7.4,8.3,5.3,3.8,5.5,5.9,5.6,5.5,3.3,4.3,3.2,4.4,7.7,8.7,5.0,5.6
1996-02,7.7,5.9,6.3,5.4,5.3,5.7,5.0,4.9,4.5,4.5,6.5,4.3,6.1,4.9,4.1,5.3,3.7,5.3,4.5,5.1,3.8,4.1,5.2,4.6,5.4,6.4,5.5,5.3,4.5,3.7,4.2,5.4,3.4,5.0,13.1,6.6,2.7,7.5,7.8,5.3,3.8,5.6,5.9,5.5,5.6,3.4,4.3,3.2,4.3,7.6,8.6,4.9,5.5
1996-03,7.7,5.9,6.5,5.4,5.4,5.6,5.1,5.0,4.5,4.5,6.4,4.3,6.1,4.8,4.1,5.4,3.6,5.3,4.6,5.1,3.9,4.2,5.4,4.6,5.3,6.5,5.5,5.3,4.1,3.7,4.3,5.4,3.5,5.0,12.9,6.4,2.7,7.6,7.6,5.4,3.8,5.5,5.9,5.4,5.6,3.4,4.3,3.1,4.3,7.6,8.6,5.3,5.5
1996-04,7.6,5.9,6.4,5.3,5.5,5.6,5.0,5.0,4.5,4.7,6.4,4.4,6.1,4.7,4.1,5.4,3.8,5.3,4.7,5.0,4.1,4.3,5.7,4.7,5.4,6.4,5.6,5.2,4.2,3.7,4.4,5.3,3.5,5.1,13.7,6.5,2.8,7.6,7.5,5.4,3.8,5.5,6.0,5.4,5.6,3.4,4.3,3.4,4.4,7.5,8.7,5.4,5.6
1996-05,7.4,5.8,6.3,5.3,5.5,5.5,5.0,5.0,4.5,4.5,6.2,4.3,6.3,4.6,4.1,5.7,3.7,5.3,4.8,4.9,4.0,4.5,5.7,4.6,5.3,6.4,5.6,5.2,4.1,3.7,4.5,5.3,3.6,5.1,14.6,6.5,2.8,7.6,7.3,5.4,3.8,5.3,5.8,5.3,5.6,3.4,4.3,3.2,4.4,7.3,8.6,4.9,5.6
1996-06,7.4,5.8,6.3,5.3,5.4,5.4,5.0,5.0,4.5,4.4,6.1,4.4,6.0,4.6,4.0,5.8,3.6,5.3,4.8,4.9,4.0,4.8,5.9,4.5,5.3,6.4,5.6,5.2,4.0,3.6,4.5,5.3,3.6,5.2,15.1,6.2,2.9,7.7,7.3,5.4,3.8,5.2,5.9,5.2,5.6,3.5,4.3,3.2,4.4,7.4,8.6,5.0,5.3
1996-07,7.3,5.7,6.3,5.4,5.4,5.4,4.9,4.9,4.5,4.4,6.1,4.4,5.9,4.5,3.9,5.8,3.7,5.3,4.8,4.9,4.0,4.4,5.8,4.5,5.3,6.4,5.8,5.2,4.1,3.6,4.4,5.2,3.5,5.3,13.7,6.2,2.9,7.6,7.2,5.4,3.7,5.2,6.0,5.2,5.5,3.5,4.3,3.2,4.4,7.4,8.5,5.3,5.5
1996-08,7.2,5.7,6.2,5.3,5.4,5.3,4.9,4.9,4.6,4.3,6.1,4.3,5.8,4.4,3.8,5.8,3.6,5.3,4.7,4.9,4.0,4.3,5.8,4.4,5.3,6.3,5.7,5.3,4.1,3.6,4.5,5.1,3.5,5.2,13.9,6.2,2.8,7.6,7.3,5.3,3.7,5.1,6.0,5.2,5.5,3.4,4.2,3.2,4.5,7.3,8.5,5.3,5.1
1996-09,7.1,5.7,6.2,5.3,5.3,5.3,5.0,4.9,4.6,4.4,6.0,4.3,5.8,4.4,3.8,5.8,3.6,5.4,4.7,4.9,3.9,4.2,5.8,4.4,5.4,6.3,5.6,5.3,4.1,3.6,4.5,5.1,3.6,5.3,13.4,5.8,2.7,7.5,7.2,5.3,3.7,5.0,5.8,5.2,5.5,3.4,4.2,3.2,4.4,7.3,8.4,5.2,5.2
1996-10,7.0,5.6,6.2,5.2,5.2,5.3,4.9,4.9,4.7,4.2,6.0,4.3,5.7,4.3,3.6,5.6,3.5,5.4,4.7,4.8,3.9,4.1,5.8,4.4,5.6,6.4,5.8,5.4,4.1,3.5,4.5,5.0,3.5,5.2,12.7,6.1,2.7,7.4,7.2,5.3,3.6,5.0,5.7,5.2,5.5,3.3,4.2,3.1,4.4,7.4,8.4,5.3,5.2
1996-11,7.0,5.6,6.3,5.2,5.1,5.2,5.0,4.8,4.7,4.1,6.0,4.2,5.5,4.3,3.5,5.4,3.5,5.4,4.8,4.8,3.8,3.9,5.7,4.3,5.7,5.9,5.9,5.5,4.2,3.5,4.4,4.9,3.5,5.2,12.3,6.0,2.7,7.3,7.2,5.2,3.5,4.9,6.0,5.2,5.4,3.3,4.2,3.2,4.5,7.5,8.3,5.2,5.4
1996-12,6.9,5.6,6.3,5.1,5.1,5.2,4.9,4.8,4.7,4.0,5.9,4.1,5.5,4.3,3.3,5.2,3.5,5.4,4.7,4.7,3.7,3.7,5.5,4.2,5.9,5.9,5.9,5.5,4.1,3.4,4.3,4.8,3.3,5.1,11.4,6.0,2.5,7.2,7.1,5.2,3.3,5.0,5.8,5.3,5.4,3.3,4.1,3.1,4.4,7.6,8.3,5.2,5.4
1997-01,6.9,5.6,6.5,5.1,5.1,5.2,4.9,4.7,4.6,3.9,5.8,4.1,5.1,4.3,3.1,5.3,3.6,5.5,4.7,4.7,3.5,3.8,5.3,4.4,5.9,5.7,5.7,5.4,4.3,3.4,4.3,4.7,3.3,5.1,12.3,6.1,2.6,7.1,7.1,5.2,3.2,5.3,5.7,5.3,5.4,3.3,4.1,3.0,4.3,7.6,8.2,5.4,5.3
1997-02,6.7,5.5,6.6,5.0,5.0,5.2,4.9,4.5,4.6,4.0,5.6,4.0,5.0,4.2,3.1,5.1,3.5,5.5,4.5,4.7,3.4,3.4,5.1,4.5,5.8,5.6,5.8,5.3,4.0,3.3,4.1,4.7,3.1,5.0,12.8,6.1,2.5,7.0,7.0,5.1,3.2,5.4,5.8,5.3,5.3,3.0,4.1,2.8,4.2,7.5,8.2,5.1,5.2
1997-03,6.6,5.5,6.6,5.1,5.0,5.2,4.7,4.3,4.5,3.8,5.5,4.0,5.0,4.2,3.2,4.7,3.5,5.5,4.3,4.7,3.4,3.3,4.9,4.4,5.7,5.9,5.8,5.3,4.1,3.3,3.9,4.6,3.0,5.0,13.1,6.0,2.3,6.8,6.8,5.1,3.0,5.3,5.7,5.3,5.3,3.0,4.0,2.8,4.2,7.5,8.2,5.0,5.2
1997-04,6.5,5.5,6.6,5.1,4.9,5.2,4.7,4.5,4.5,3.8,5.3,4.0,5.1,4.2,3.3,4.7,3.6,5.4,4.3,4.7,3.7,3.3,4.8,4.5,5.6,5.7,5.6,5.3,4.1,3.2,4.0,4.6,3.0,5.0,13.8,5.8,2.4,6.7,6.8,5.1,3.1,5.5,5.8,5.3,5.3,3.1,4.0,3.2,4.2,7.4,8.2,5.1,5.1
1997-05,6.4,5.4,6.6,5.0,4.6,5.2,4.6,4.2,4.5,3.9,5.4,3.9,4.9,4.2,3.4,4.6,3.5,5.4,4.1,4.8,3.4,3.3,4.7,4.6,5.6,6.1,5.4,5.1,4.2,3.2,3.9,4.5,3.1,5.0,13.7,5.9,2.4,6.6,6.6,5.0,3.2,5.2,5.8,5.3,5.3,3.0,4.0,3.6,4.1,7.0,8.3,4.7,4.9
1997-06,6.4,5.4,6.6,5.0,4.6,5.2,4.6,4.3,4.5,3.9,5.4,3.9,4.9,4.1,3.4,4.5,3.5,5.4,4.1,4.8,3.3,3.3,4.7,4.6,5.5,5.9,5.5,5.0,4.3,3.1,3.8,4.5,3.2,5.1,14.1,6.0,2.5,6.5,6.7,5.0,3.2,5.1,6.0,5.3,5.3,3.0,3.9,3.1,3.9,6.9,8.4,4.8,5
1997-07,6.3,5.4,6.5,5.0,4.7,5.1,4.6,4.3,4.4,3.9,5.3,3.8,4.8,4.1,3.4,4.5,3.5,5.4,4.1,4.8,3.2,3.3,4.5,4.7,5.5,5.8,5.6,4.8,4.3,3.1,3.7,4.5,3.1,5.2,14.0,6.1,2.4,6.4,6.8,5.0,3.2,5.1,6.0,5.3,5.3,3.0,3.9,2.9,3.9,7.0,8.3,4.8,4.9
1997-08,6.3,5.3,6.5,5.0,4.7,5.1,4.5,4.2,4.4,3.9,5.2,3.7,4.8,4.1,3.5,4.5,3.5,5.3,4.1,4.8,3.3,3.4,4.3,4.5,5.3,5.7,5.6,4.6,4.3,3.1,3.7,4.5,3.2,5.2,13.2,6.3,2.5,6.4,6.7,5.0,3.2,5.0,5.9,5.2,5.3,3.1,3.9,2.7,3.8,7.0,8.3,4.6,4.8
1997-09,6.3,5.3,6.4,4.9,4.7,5.1,4.6,4.3,4.4,3.9,5.2,3.5,4.8,4.0,3.5,4.4,3.5,5.3,4.3,4.9,3.2,3.4,4.1,4.5,5.2,5.6,5.5,4.5,4.3,3.1,3.8,4.5,3.2,5.2,13.1,6.4,2.4,6.3,6.7,5.0,3.2,4.9,5.9,5.2,5.3,3.1,3.8,2.7,3.8,6.9,8.3,4.5,4.9
1997-10,6.2,5.2,6.3,4.8,4.7,5.0,4.5,4.2,4.3,3.8,5.1,3.2,4.7,3.9,3.5,4.3,3.4,5.2,4.3,4.7,3.2,3.3,3.7,4.3,5.0,5.7,5.5,4.4,4.2,3.0,3.7,4.5,3.3,5.1,13.4,6.3,2.4,6.3,6.7,5.0,3.1,4.9,5.6,5.1,5.3,3.0,3.8,2.7,3.8,6.8,8.4,4.5,4.7
1997-11,6.1,5.2,6.2,4.8,4.9,4.9,4.5,4.2,4.3,3.8,5.0,3.1,4.7,3.8,3.2,4.4,3.3,5.1,4.2,4.7,3.1,3.4,3.6,4.2,4.8,5.6,5.5,4.2,4.1,3.0,3.7,4.5,3.2,5.1,13.9,6.0,2.3,6.3,6.7,5.1,3.1,4.9,5.6,5.1,5.4,3.0,3.7,2.6,3.7,6.6,8.4,4.5,4.6
1997-12,6.2,5.1,6.1,4.7,5.0,4.9,4.4,4.1,4.3,3.8,5.0,3.0,4.7,3.8,3.2,4.3,3.3,5.0,4.4,4.6,3.0,3.4,3.5,4.0,4.7,5.3,5.4,4.0,4.0,3.0,3.9,4.5,3.3,5.1,14.4,5.7,2.3,6.3,6.7,5.1,3.0,5.1,5.7,5.0,5.4,3.0,3.7,2.6,3.7,6.5,8.3,4.7,4.7
1998-01,6.1,5.0,6.1,4.7,4.9,4.7,4.2,4.0,4.2,3.7,5.0,2.9,4.8,3.6,2.9,4.1,3.2,4.9,4.3,4.5,2.8,3.2,3.5,3.8,4.5,5.0,5.5,3.7,3.9,3.0,3.7,4.5,3.3,5.1,14.2,5.8,2.2,6.3,6.4,5.1,3.0,5.2,5.5,4.9,5.5,3.0,3.7,2.5,3.5,6.3,8.3,4.6,4.6
1998-02,6.1,5.0,6.0,4.7,4.6,4.7,4.2,4.0,4.2,3.7,4.9,2.9,4.7,3.5,2.9,4.2,3.1,4.8,4.3,4.4,2.7,3.2,3.2,3.7,4.4,4.8,5.4,3.6,4.0,3.0,3.5,4.5,3.3,5.1,13.9,5.7,2.2,6.3,6.5,5.1,2.9,4.6,5.6,4.8,5.5,2.9,3.6,2.6,3.3,6.2,8.3,4.5,4.6
1998-03,6.0,5.0,5.9,4.7,4.6,4.7,4.3,3.9,4.2,3.7,4.8,2.8,4.7,3.5,2.9,4.4,3.2,4.7,4.4,4.4,2.8,3.3,3.1,3.8,4.5,5.2,5.5,3.6,4.1,3.0,3.8,4.5,3.6,5.2,13.6,5.7,2.4,6.3,6.8,5.1,2.9,4.5,5.6,4.8,5.6,3.0,3.6,2.9,3.3,6.0,8.3,4.7,4.7
1998-04,6.0,4.9,5.8,4.6,4.3,4.6,4.2,3.7,4.2,3.7,4.8,2.8,4.7,3.4,2.8,4.4,3.1,4.6,4.4,4.4,2.6,3.6,3.3,3.7,4.4,5.5,5.5,3.4,4.3,2.9,3.7,4.5,3.7,5.1,13.5,5.4,2.3,6.3,6.5,5.1,2.9,4.2,5.5,4.7,5.6,2.9,3.6,2.7,3.1,5.9,8.2,4.7,4.3
1998-05,6.0,4.9,5.7,4.6,4.2,4.6,4.3,3.8,4.2,3.5,4.6,2.8,4.7,3.4,2.8,4.3,3.1,4.5,4.2,4.4,2.7,3.6,3.5,3.9,4.5,5.4,5.6,3.3,4.3,2.9,3.8,4.5,3.7,5.1,13.1,5.3,2.4,6.3,6.5,5.1,2.9,4.2,5.8,4.7,5.6,3.0,3.5,2.8,3.1,6.0,8.1,4.8,4.4
1998-06,5.9,4.9,5.5,4.5,4.5,4.6,4.4,3.9,4.2,3.5,4.6,2.9,4.8,3.3,2.8,4.3,3.3,4.5,4.1,4.4,2.7,3.7,3.6,3.9,4.6,5.5,5.8,3.2,4.5,2.9,3.9,4.5,3.8,5.0,13.2,5.2,2.5,6.3,6.6,5.1,2.8,4.4,5.8,4.6,5.6,3.0,3.5,3.0,3.1,6.2,8.1,5.1,4.5
1998-07,5.9,4.9,5.6,4.5,4.4,4.6,4.8,4.6,4.2,3.4,4.6,2.8,4.8,3.3,3.2,4.4,3.6,4.4,4.1,4.5,2.6,3.8,3.8,3.9,4.5,5.9,5.8,3.1,4.9,2.9,3.9,4.4,4.0,5.0,13.1,5.3,2.7,6.3,6.6,5.1,2.7,4.6,5.8,4.5,5.6,3.0,3.5,3.1,3.0,6.1,8.1,5.1,4.5
1998-08,5.9,4.9,5.5,4.5,4.4,4.6,4.4,3.9,4.1,3.6,4.5,2.9,4.8,3.3,3.0,4.5,3.4,4.4,3.9,4.4,2.7,3.8,3.8,3.9,4.6,5.6,5.8,3.1,4.6,2.9,3.8,4.4,3.9,5.0,12.7,5.5,2.7,6.3,6.6,5.1,2.7,4.6,5.7,4.5,5.6,2.9,3.5,3.2,2.9,6.0,8.0,5.1,4.5
1998-09,6.0,4.9,5.5,4.4,4.6,4.6,4.4,4.0,4.1,3.5,4.4,2.9,4.9,3.4,3.1,4.5,3.4,4.3,3.7,4.2,3.1,3.8,3.8,4.0,4.6,5.6,5.8,3.2,4.5,2.8,3.9,4.3,3.8,5.1,13.4,5.5,2.7,6.2,6.5,5.1,2.8,4.5,5.9,4.4,5.6,2.9,3.4,3.2,2.9,6.1,7.9,5.1,4.6
1998-10,5.9,4.9,5.5,4.3,4.5,4.6,4.3,4.0,4.1,3.4,4.3,2.9,4.9,3.4,2.9,4.3,3.4,4.3,3.7,4.0,2.8,3.6,3.9,4.1,4.6,5.2,5.8,3.0,4.5,2.8,3.8,4.3,3.8,5.1,13.8,5.2,2.7,6.2,6.4,5.1,2.9,4.6,5.6,4.4,5.6,3.0,3.4,3.3,3.1,6.2,7.8,5.2,4.5
1998-11,5.8,4.9,5.5,4.2,4.5,4.5,4.3,3.9,4.1,3.3,4.4,2.8,4.9,3.3,2.9,4.4,3.3,4.3,3.5,4.0,2.8,3.5,3.9,4.0,4.7,5.2,5.8,3.0,4.3,2.8,3.8,4.3,3.7,4.9,13.0,5.3,2.8,6.1,6.4,5.1,3.0,4.3,5.5,4.3,5.6,3.0,3.4,3.3,2.9,6.2,7.7,5.2,4.4
1998-12,5.9,4.9,5.5,4.2,4.3,4.5,4.2,4.0,4.0,3.3,4.4,2.8,4.9,3.3,2.8,4.5,3.2,4.2,3.2,3.9,2.6,3.3,3.9,4.0,4.6,5.1,5.8,2.7,4.2,2.8,3.7,4.2,3.8,4.8,12.3,5.4,2.7,6.0,6.3,5.1,2.9,4.1,5.5,4.3,5.5,2.9,3.4,3.3,2.9,6.3,7.5,4.9,4.4
1999-01,5.7,4.8,5.4,4.2,4.3,4.5,4.2,4.0,3.9,3.1,4.4,2.6,4.8,3.3,2.8,4.5,3.3,4.2,3.1,3.7,2.7,3.0,3.9,3.9,4.7,4.9,5.7,2.8,4.0,2.7,3.5,4.2,3.7,4.6,12.5,5.2,2.7,6.0,6.4,5.0,2.9,4.0,5.4,4.3,5.5,2.9,3.4,3.4,3.0,6.3,7.3,5.1,4.3
1999-02,5.6,4.8,5.4,4.2,4.2,4.4,4.1,4.1,3.9,3.1,4.4,2.5,4.9,3.3,2.6,4.5,3.1,4.2,3.1,3.6,2.6,2.8,3.9,4.0,4.6,4.8,5.7,2.8,4.0,2.7,3.4,4.2,3.6,4.4,12.4,4.9,2.6,5.9,6.2,5.0,2.9,4.0,5.3,4.3,5.5,2.9,3.3,3.5,3.0,6.5,7.1,5.0,4.4
1999-03,5.6,4.8,5.3,4.1,4.1,4.4,4.2,3.9,3.9,3.1,4.6,2.6,4.8,3.3,2.6,4.6,3.0,4.2,3.2,3.6,2.6,2.8,3.9,4.1,4.7,4.7,5.6,2.8,3.9,2.7,3.5,4.2,3.7,4.4,12.9,5.1,2.7,5.8,6.6,5.0,2.9,3.9,5.3,4.2,5.4,2.9,3.3,3.4,3.1,6.3,7.0,4.9,4.2
1999-04,5.4,4.8,5.2,4.1,4.3,4.4,4.2,3.8,3.8,3.1,4.6,2.7,4.8,3.3,2.6,4.7,2.9,4.2,3.3,3.6,2.5,3.0,4.1,4.3,4.7,4.8,5.4,2.9,3.8,2.6,3.5,4.2,3.6,4.4,11.1,4.9,2.7,5.7,6.4,5.0,2.8,3.7,5.2,4.2,5.4,2.8,3.3,3.1,2.7,6.1,6.8,4.8,4.3
1999-05,5.2,4.8,5.3,4.1,4.6,4.4,4.3,3.8,3.8,3.2,4.7,2.7,5.0,3.3,2.9,4.7,3.0,4.1,3.4,3.6,2.8,3.1,4.1,4.4,4.8,4.5,5.5,2.8,3.6,2.6,3.5,4.3,3.7,4.5,11.2,5.0,2.8,5.7,6.4,4.9,2.8,4.1,5.1,4.2,5.4,2.8,3.3,3.2,2.9,6.2,6.7,5.0,4.2
1999-06,5.2,4.8,5.3,4.0,4.6,4.4,4.4,3.8,3.8,3.2,4.8,2.7,5.1,3.3,2.9,4.6,3.0,4.1,3.4,3.6,2.8,3.2,4.1,4.4,4.8,4.6,5.6,2.6,3.5,2.6,3.5,4.3,3.8,4.5,11.2,5.0,2.8,5.6,6.4,4.9,2.8,4.1,5.1,4.2,5.3,2.8,3.3,3.1,3.1,6.1,6.5,5.1,4.3
1999-07,5.1,4.7,5.2,4.0,4.7,4.4,4.4,3.6,3.7,3.2,4.7,2.7,4.9,3.3,2.8,4.7,3.1,4.1,3.3,3.6,2.9,3.2,4.0,4.3,4.6,4.7,5.5,2.3,3.5,2.6,3.5,4.3,3.8,4.5,10.5,5.1,2.8,5.5,6.3,4.9,2.7,3.9,5.0,4.2,5.3,2.8,3.3,3.4,3.2,6.1,6.4,4.9,4.3
1999-08,5.1,4.7,5.2,4.0,4.7,4.5,4.4,3.6,3.8,3.3,4.6,2.8,4.9,3.3,3.0,4.6,3.1,4.1,3.2,3.6,2.9,3.3,4.2,4.4,4.7,4.8,5.6,2.1,3.4,2.6,3.5,4.3,3.7,4.5,11.4,5.3,2.9,5.5,6.3,4.8,2.6,4.1,5.0,4.1,5.2,2.9,3.3,3.1,3.1,6.1,6.3,4.9,4.2
1999-09,5.0,4.6,5.2,3.9,4.6,4.5,4.4,3.7,3.8,3.5,4.5,2.8,4.8,3.3,3.1,4.4,3.1,4.0,3.1,3.5,3.0,3.2,4.3,4.4,4.6,4.9,5.5,2.6,3.4,2.6,3.6,4.3,3.6,4.4,11.7,5.6,2.8,5.4,6.3,4.8,2.6,4.1,4.8,4.1,5.2,2.8,3.3,3.2,3.0,5.9,6.2,4.8,4.2
1999-10,5.0,4.6,5.1,3.9,4.5,4.4,4.3,3.8,3.7,3.5,4.3,2.7,4.7,3.2,3.1,4.3,3.1,4.0,2.9,3.5,2.9,3.2,4.3,4.3,4.5,4.9,5.3,2.8,3.4,2.6,3.6,4.3,3.5,4.4,12.0,5.6,2.9,5.4,6.2,4.8,2.7,4.0,4.7,4.1,5.1,2.8,3.3,3.2,3.0,6.0,6.1,4.8,4.1
1999-11,5.0,4.5,5.0,3.9,4.4,4.3,4.2,3.7,3.6,3.4,4.2,2.7,4.6,3.1,3.0,4.3,3.1,4.0,2.9,3.5,2.9,3.0,4.2,4.3,4.4,4.6,5.2,2.8,3.3,2.6,3.6,4.3,3.2,4.3,12.3,5.5,2.8,5.3,6.0,4.7,2.7,3.8,4.6,4.1,5.1,2.7,3.3,3.0,2.7,6.1,6.0,4.6,4.1
1999-12,5.1,4.5,4.9,3.8,4.4,4.3,4.1,3.6,3.7,3.4,4.0,2.6,4.7,3.1,3.0,4.2,3.0,4.0,2.9,3.5,2.8,2.9,4.0,4.3,4.3,4.4,5.2,2.6,3.3,2.6,3.6,4.3,3.2,4.2,11.4,5.8,2.7,5.2,5.8,4.7,2.7,3.8,4.5,4.1,5.1,2.6,3.3,2.9,2.6,6.1,5.9,4.4,4
2000-01,5.0,4.5,4.8,3.8,4.4,4.1,4.0,3.3,3.6,3.3,3.8,2.4,4.8,3.0,2.8,4.1,3.0,3.9,2.6,3.4,2.9,2.7,3.7,4.1,4.1,4.5,5.0,2.4,3.0,2.6,3.4,4.3,3.1,4.3,11.5,5.8,2.6,5.2,5.6,4.7,2.7,3.5,4.4,4.1,5.0,2.6,3.2,3.1,2.5,6.2,5.8,4.0,4
2000-02,5.0,4.4,4.7,3.8,4.5,4.2,4.1,3.2,3.5,3.4,3.8,2.4,4.9,2.9,2.9,4.0,3.0,3.8,2.8,3.4,2.9,2.6,3.6,4.0,4.3,4.5,5.1,2.5,3.1,2.7,3.5,4.3,3.1,4.3,10.2,6.0,2.6,5.1,5.7,4.6,2.7,3.3,4.3,4.1,4.9,2.6,3.2,2.9,2.5,6.1,5.7,3.8,4.1
2000-03,5.1,4.4,4.7,3.8,4.4,4.0,3.9,3.2,3.5,3.3,3.6,2.3,4.8,2.8,2.8,4.0,3.1,3.8,2.9,3.3,2.8,2.5,3.4,3.8,4.0,4.6,5.0,2.3,3.1,2.7,3.6,4.3,3.1,4.2,10.5,5.8,2.6,5.1,5.3,4.6,2.6,3.2,4.1,4.1,4.9,2.4,3.0,2.9,2.2,6.2,5.7,3.6,4
2000-04,5.0,4.4,4.6,3.8,4.3,4.1,4.0,3.4,3.5,3.4,3.6,2.3,4.8,2.7,2.9,4.0,3.1,3.9,2.9,3.4,2.8,2.6,3.4,3.9,4.1,4.5,5.0,2.2,3.1,2.7,3.7,4.3,3.1,4.2,10.2,5.8,2.8,5.0,5.4,4.6,2.7,3.1,4.0,4.1,4.8,2.5,3.2,2.9,2.4,6.2,5.6,3.5,3.8
2000-05,5.1,4.4,4.6,3.8,4.4,4.2,4.1,3.6,3.5,3.5,3.6,2.2,4.8,2.7,3.0,4.0,3.3,3.9,3.1,3.5,3.0,2.7,3.6,4.0,4.1,4.8,5.1,2.3,3.1,2.7,3.8,4.4,3.2,4.2,10.1,5.8,2.8,5.0,5.5,4.6,2.8,3.3,4.0,4.1,4.8,2.7,3.2,2.8,2.6,6.2,5.6,3.6,4
2000-06,5.0,4.4,4.5,3.9,4.4,4.2,4.1,3.7,3.5,3.6,3.5,2.3,4.9,2.7,3.1,4.0,3.5,4.0,3.1,3.6,3.1,2.8,3.6,3.9,4.1,4.9,5.1,2.2,3.2,2.8,3.8,4.4,3.4,4.1,9.8,5.9,2.9,5.0,5.6,4.6,2.8,3.3,3.9,4.1,4.8,2.7,3.3,2.9,2.7,6.2,5.6,3.7,4
2000-07,5.0,4.3,4.4,3.8,4.5,4.2,4.1,3.9,3.4,3.5,3.6,2.3,5.0,2.7,3.0,4.1,3.5,4.0,3.2,3.6,3.1,2.9,3.6,4.0,4.2,4.9,5.2,2.3,3.2,2.8,3.8,4.5,3.4,4.1,9.8,5.7,2.9,4.9,5.5,4.6,2.7,3.2,3.9,4.2,4.7,2.7,3.3,2.9,2.9,6.0,5.6,3.8,4
2000-08,4.9,4.3,4.5,3.8,4.5,4.3,4.1,4.0,3.5,4.1,3.8,2.3,5.1,2.7,3.0,4.1,3.6,4.1,3.4,3.7,3.3,3.0,3.7,4.2,4.3,5.1,5.4,2.3,3.2,2.8,3.9,4.5,3.5,4.2,10.6,5.4,2.9,4.9,5.4,4.6,2.7,3.3,3.9,4.2,4.7,2.7,3.3,3.1,3.0,6.1,5.6,4.0,4.1
2000-09,4.8,4.3,4.5,3.8,4.5,4.2,4.1,4.0,3.5,4.1,3.7,2.3,5.0,2.7,2.7,3.9,3.6,4.2,3.7,3.7,3.3,2.9,3.6,4.1,4.3,5.2,5.2,2.2,3.2,2.9,3.9,4.6,3.5,4.1,9.4,5.3,2.9,4.9,5.5,4.6,2.6,3.4,3.9,4.2,4.7,2.7,3.4,2.9,3.0,6.2,5.6,4.0,3.9
2000-10,4.8,4.3,4.4,3.8,4.4,4.2,4.0,4.0,3.4,4.2,3.7,2.3,5.1,2.7,2.8,4.0,3.5,4.1,3.8,3.7,3.3,2.8,3.3,4.2,4.4,5.4,5.3,2.1,3.1,2.9,4.0,4.7,3.5,4.2,9.7,5.5,2.9,4.9,5.5,4.6,2.6,3.4,3.8,4.2,4.7,2.8,3.4,2.8,3.0,6.2,5.7,3.9,3.9
2000-11,4.8,4.3,4.4,3.8,4.8,4.3,3.9,4.1,3.4,4.2,3.7,2.2,5.2,2.7,2.9,3.9,3.6,4.2,3.8,3.7,3.5,2.8,3.5,4.2,4.5,5.5,5.2,2.1,3.0,3.0,4.0,4.7,3.6,4.3,9.6,5.6,3.0,4.8,5.5,4.6,2.6,3.3,3.7,4.2,4.6,3.0,3.5,3.0,2.9,6.2,5.7,4.1,3.9
2000-12,4.8,4.3,4.3,3.9,4.9,4.2,3.9,4.2,3.4,4.3,3.6,2.2,5.2,2.7,3.0,3.9,3.7,4.1,4.0,3.7,3.3,2.6,3.8,4.2,4.6,5.4,5.1,2.2,2.9,3.0,3.9,4.8,3.6,4.2,10.3,5.1,2.8,4.8,5.3,4.6,2.8,3.2,3.9,4.3,4.6,2.8,3.6,2.8,2.7,6.2,5.8,3.7,3.9
2001-01,4.7,4.3,4.2,4.0,5.1,4.3,4.0,4.7,3.5,4.4,3.6,2.2,5.3,2.8,3.6,4.0,3.7,4.2,4.2,3.6,3.2,2.5,4.1,4.4,4.7,5.4,5.2,2.5,2.7,3.0,4.0,4.9,3.7,4.3,10.4,4.9,2.7,4.8,5.2,4.7,2.8,3.0,3.8,4.3,4.6,2.8,3.7,2.6,2.8,6.2,5.8,3.6,4.2
2001-02,4.7,4.4,4.2,4.0,5.1,4.3,3.9,4.7,3.6,4.7,3.6,2.4,5.6,2.9,3.4,4.0,4.0,4.2,4.3,3.6,3.4,2.7,4.4,4.3,4.7,5.2,5.5,2.5,3.1,3.1,4.1,4.9,3.8,4.4,11.1,5.2,2.8,4.8,5.1,4.7,2.9,3.1,3.9,4.4,4.5,2.9,3.6,2.7,2.9,6.0,5.9,3.5,4.2
2001-03,4.9,4.5,4.3,4.1,5.3,4.4,3.9,4.7,3.6,5.0,3.7,2.6,5.7,3.1,3.6,4.2,4.1,4.2,4.2,3.6,3.5,2.8,4.7,4.4,4.9,5.2,5.6,2.7,3.3,3.1,4.1,5.0,4.1,4.4,10.8,5.4,2.9,4.8,5.1,4.7,3.0,3.1,3.8,4.4,4.5,3.0,3.5,2.6,3.0,6.0,6.0,3.6,4.3
2001-04,5.0,4.6,4.4,4.2,5.3,4.5,4.1,4.8,3.7,5.0,3.9,2.8,5.9,3.2,3.7,4.3,4.3,4.4,4.3,3.8,3.8,3.1,4.9,4.4,5.0,5.1,5.9,2.9,3.2,3.2,4.0,5.1,4.1,4.5,11.4,5.1,3.0,4.8,5.2,4.7,3.1,3.6,4.2,4.4,4.5,3.1,3.4,2.8,3.1,6.0,6.1,3.6,4.4
2001-05,5.1,4.8,4.5,4.3,5.2,4.6,4.2,5.0,3.8,5.5,4.0,3.1,6.0,3.4,3.8,4.4,4.3,4.5,4.3,4.0,3.8,3.3,5.2,4.4,5.1,5.1,6.1,3.1,3.3,3.2,4.2,5.2,4.2,4.6,11.5,5.1,3.1,4.9,5.2,4.8,3.1,3.8,4.0,4.5,4.5,3.0,3.4,2.7,3.1,6.1,6.2,3.8,4.3
2001-06,5.3,4.9,4.6,4.3,5.3,4.7,4.4,5.0,3.9,5.5,4.2,3.2,6.1,3.6,4.1,4.6,4.5,4.7,4.4,4.0,3.9,3.5,5.3,4.5,5.1,5.1,6.2,3.3,3.6,3.3,4.3,5.3,4.3,4.7,11.1,5.0,3.2,4.9,5.3,4.8,3.3,3.8,4.0,4.5,4.5,3.1,3.3,2.8,3.2,6.1,6.3,4.0,4.5
2001-07,5.4,5.1,4.8,4.4,5.4,4.8,4.5,5.1,3.9,5.8,4.2,3.3,6.2,3.8,4.3,4.6,4.5,4.8,4.5,4.2,4.0,3.8,5.5,4.6,5.5,5.1,6.5,3.4,3.8,3.3,4.3,5.4,4.4,4.7,10.6,5.3,3.2,4.9,5.3,4.9,3.5,3.9,4.1,4.6,4.5,3.2,3.4,2.7,3.3,6.2,6.3,4.0,4.6
2001-08,5.6,5.2,5.0,4.4,5.5,4.9,4.6,5.3,4.0,5.9,4.5,3.5,6.3,4.0,4.3,4.8,4.5,4.8,4.5,4.2,3.9,4.0,5.5,4.7,5.4,5.1,6.7,3.5,3.9,3.4,4.3,5.5,4.5,4.8,12.1,5.6,3.2,4.9,5.2,4.9,3.7,4.0,4.0,4.6,4.5,3.1,3.4,2.7,3.4,6.2,6.4,4.1,4.9
2001-09,5.8,5.3,5.3,4.4,5.5,5.0,4.7,5.4,4.1,6.1,4.7,3.6,6.4,4.1,4.4,5.1,4.4,4.9,4.6,4.3,3.9,4.3,5.5,4.9,5.3,5.5,7.0,3.4,4.0,3.4,4.4,5.6,4.6,4.8,12.3,6.0,3.2,5.0,5.2,5.0,3.8,4.2,4.1,4.6,4.5,3.2,3.4,2.7,3.4,6.2,6.5,4.2,5
2001-10,6.0,5.5,5.5,5.9,5.6,5.1,4.9,5.6,4.4,6.3,4.9,3.9,6.6,4.3,4.8,5.3,4.7,5.2,4.8,4.4,4.2,4.9,5.7,5.1,5.6,5.6,7.2,3.3,4.2,3.5,4.5,5.6,4.7,4.8,12.3,6.2,3.4,5.1,5.2,5.0,3.8,4.3,4.7,4.7,4.5,3.4,3.5,2.9,3.5,6.2,6.5,4.1,5.3
2001-11,6.3,5.7,5.8,6.0,5.9,5.2,5.0,6.0,4.5,6.7,5.1,4.0,7.1,4.6,5.0,5.6,4.9,5.3,4.9,4.5,4.3,5.4,5.7,5.2,5.7,5.9,7.6,3.4,4.4,3.5,4.6,5.7,4.9,5.0,11.8,6.5,3.4,5.1,5.3,5.1,4.0,4.2,5.2,4.7,4.5,3.3,3.6,2.9,3.7,6.3,6.6,4.0,5.5
2001-12,6.4,5.8,6.0,6.0,6.0,5.3,5.1,6.0,4.6,6.8,5.2,4.0,7.2,4.7,5.1,5.8,4.9,5.4,4.9,4.5,4.4,5.7,5.8,5.3,5.7,6.0,7.7,3.5,4.6,3.6,4.7,5.8,5.3,5.1,11.0,6.8,3.4,5.2,5.2,5.2,4.0,4.1,5.1,4.8,4.5,3.5,3.7,3.2,3.7,6.4,6.6,4.0,5.7
2002-01,6.5,6.0,6.0,6.0,6.2,5.4,5.4,6.2,4.7,7.0,5.4,4.1,7.4,4.8,5.3,5.9,5.2,5.6,5.0,4.5,4.6,5.8,5.9,5.1,5.7,5.8,7.9,3.5,4.4,3.6,5.0,5.8,5.4,5.2,11.5,6.8,3.6,5.2,5.6,5.2,4.2,4.1,4.8,4.8,4.5,3.4,3.9,3.3,3.7,6.5,6.7,3.8,5.7
2002-02,6.6,6.1,6.1,5.9,6.2,5.4,5.5,6.0,4.8,6.7,5.5,4.1,7.4,5.0,5.3,6.0,5.4,5.5,5.1,4.4,4.7,5.8,5.9,5.2,5.6,5.8,7.8,3.7,4.5,3.7,5.0,5.8,5.7,5.2,13.3,6.7,3.7,5.3,5.5,5.3,4.3,4.0,4.6,4.8,4.5,3.4,3.9,3.3,3.8,6.6,6.7,3.8,5.7
2002-03,6.7,6.2,6.2,5.8,6.4,5.4,5.7,6.3,4.8,6.8,5.6,4.1,7.6,5.1,5.2,6.0,5.4,5.5,5.3,4.4,4.7,5.8,6.0,5.3,5.6,5.6,7.7,3.8,4.7,3.8,5.1,5.8,5.7,5.3,12.2,6.8,3.7,5.4,5.6,5.3,4.4,4.2,4.4,4.9,4.5,3.6,4.0,3.5,3.9,6.9,6.7,4.0,5.7
2002-04,6.7,6.3,6.2,5.8,6.6,5.5,5.8,6.3,4.8,6.8,5.7,4.3,7.7,5.2,5.4,5.9,5.5,5.4,5.2,4.6,4.9,5.7,5.9,5.3,5.7,5.7,7.6,4.0,4.8,3.8,5.1,5.8,5.7,5.4,12.1,7.0,3.8,5.4,5.8,5.4,4.5,4.2,4.2,4.9,4.5,3.5,4.1,3.7,3.8,7.0,6.7,4.2,5.9
2002-05,6.7,6.3,6.3,5.7,6.6,5.6,5.8,6.3,4.9,6.7,5.8,4.3,7.5,5.2,5.2,6.1,5.2,5.3,5.2,4.5,4.6,5.5,5.9,5.4,5.8,5.9,7.5,4.2,4.8,3.9,5.1,5.7,5.8,5.3,12.3,6.7,3.8,5.5,6.1,5.4,4.6,4.2,4.1,5.0,4.5,3.2,4.1,3.6,3.8,6.9,6.7,4.1,5.8
2002-06,6.8,6.4,6.2,5.7,6.7,5.6,5.8,6.4,4.9,6.6,5.9,4.2,7.4,5.3,5.2,6.2,5.3,5.3,5.4,4.5,4.5,5.6,5.8,5.4,5.7,5.8,7.5,4.2,4.6,3.9,5.1,5.7,5.8,5.4,12.6,6.6,3.8,5.5,6.1,5.4,4.6,4.4,3.9,5.0,4.5,3.2,4.0,3.6,3.8,7.1,6.8,4.1,5.8
2002-07,6.7,6.4,6.2,5.7,6.8,5.7,5.8,6.2,4.8,6.6,5.9,4.3,7.3,5.3,5.1,6.2,5.2,5.2,5.3,4.5,4.5,5.6,5.8,5.4,5.7,5.7,7.5,4.4,4.7,4.0,5.3,5.7,5.9,5.3,12.6,6.5,3.7,5.6,6.1,5.5,4.6,4.4,3.9,5.1,4.5,3.2,3.9,3.6,4.0,7.2,6.7,4.0,5.8
2002-08,6.7,6.5,6.2,5.6,6.5,5.7,5.7,6.1,4.8,6.4,5.9,4.3,7.1,5.4,5.1,6.1,5.3,5.1,5.1,4.5,4.4,5.6,5.8,5.4,5.7,5.9,7.4,4.6,4.8,4.0,5.1,5.6,5.9,5.3,12.5,6.3,3.7,5.6,6.0,5.5,4.7,4.4,3.7,5.1,4.5,3.2,3.9,3.5,4.2,7.3,6.8,4.1,5.7
2002-09,6.7,6.5,6.1,5.6,6.6,5.7,5.8,6.1,4.9,6.5,6.0,4.1,7.2,5.5,5.0,6.1,5.2,5.1,5.2,4.5,4.3,5.7,5.9,5.4,5.8,6.0,7.4,4.8,4.9,4.1,5.2,5.6,5.9,5.3,12.4,6.5,3.7,5.7,6.1,5.5,4.7,4.5,3.8,5.2,4.5,3.2,3.9,3.6,4.1,7.4,6.8,4.3,5.7
2002-10,6.7,6.5,6.2,5.6,6.7,5.7,5.8,6.2,4.9,6.5,6.0,4.1,7.1,5.5,5.1,6.1,5.2,5.2,5.3,4.4,4.3,5.7,6.1,5.4,5.7,6.0,7.5,5.0,5.0,4.1,5.2,5.6,5.8,5.4,11.8,7.0,3.7,5.7,6.0,5.5,4.7,4.5,3.7,5.3,4.5,3.2,3.9,3.6,4.2,7.3,6.8,4.4,5.7
2002-11,6.8,6.6,6.3,5.5,6.7,5.7,5.8,6.3,4.9,6.5,6.0,4.1,7.2,5.6,5.0,6.1,5.3,5.2,5.3,4.5,4.4,5.7,6.4,5.5,5.9,6.1,7.6,5.2,5.1,4.2,5.2,5.5,5.9,5.4,11.6,7.0,3.7,5.8,6.1,5.5,4.7,4.6,3.6,5.3,4.5,3.3,4.0,3.7,4.4,7.3,6.8,4.6,5.9
2002-12,6.8,6.6,6.4,5.5,6.6,5.8,5.9,6.5,4.9,6.6,5.9,4.0,7.2,5.6,5.0,5.9,5.4,5.3,5.3,4.4,4.4,5.7,6.3,5.4,6.0,6.1,7.6,5.3,5.3,4.2,5.0,5.5,5.8,5.5,12.2,6.9,3.7,5.8,6.0,5.5,4.6,4.7,3.6,5.3,4.5,3.3,4.1,3.5,4.5,7.5,6.8,4.6,6
2003-01,6.9,6.7,6.4,5.5,6.7,5.7,6.0,6.7,4.8,6.4,5.9,4.1,7.3,5.7,5.0,5.8,5.7,5.3,5.4,4.3,4.7,5.9,6.4,5.3,6.0,5.8,7.7,5.4,5.4,4.2,5.2,5.5,5.9,5.5,11.4,6.7,3.8,5.8,6.0,5.4,4.6,4.8,3.7,5.3,4.4,3.4,4.1,3.7,4.6,7.6,6.8,4.4,5.8
2003-02,6.9,6.7,6.4,5.4,6.7,5.8,6.1,6.9,4.8,6.4,6.0,4.1,7.3,5.8,5.1,5.9,5.8,5.5,5.3,4.4,4.8,6.0,6.4,5.2,6.2,6.1,7.9,5.5,5.4,4.3,5.3,5.4,5.9,5.5,12.6,6.5,3.9,5.9,6.1,5.4,4.4,4.9,3.6,5.3,4.4,3.5,4.3,3.7,4.6,7.7,6.9,4.6,5.9
2003-03,6.8,6.7,6.4,5.4,6.8,5.8,6.2,7.0,4.9,6.4,6.0,4.2,7.5,5.8,5.2,5.9,5.8,5.6,5.5,4.6,4.9,6.3,6.3,5.3,6.3,6.4,8.1,5.7,5.5,4.3,5.4,5.4,5.9,5.7,12.2,6.7,4.1,5.9,6.0,5.4,4.5,5.0,3.8,5.4,4.4,3.5,4.4,3.8,4.7,7.6,6.8,4.5,5.9
2003-04,6.9,6.8,6.4,5.4,6.6,5.8,6.3,7.3,4.9,6.7,6.0,4.2,7.6,5.9,5.4,5.9,5.9,5.7,5.6,4.5,5.0,6.3,6.5,5.5,6.4,6.4,8.4,5.7,5.6,4.3,5.5,5.4,5.8,5.8,12.4,6.8,4.1,5.9,6.2,5.4,4.5,5.2,3.9,5.4,4.3,3.5,4.4,3.7,4.7,7.7,6.9,4.4,6
2003-05,6.9,6.8,6.4,5.4,6.5,5.7,6.2,7.2,4.9,6.5,5.9,4.1,7.5,5.9,5.2,6.0,5.6,5.7,5.7,4.5,4.8,6.3,6.6,5.5,6.4,6.4,8.4,5.4,6.0,4.4,5.5,5.3,5.7,5.9,12.1,6.7,4.0,5.9,6.0,5.3,4.5,5.0,3.9,5.4,4.3,3.5,4.2,3.6,4.4,7.6,6.9,4.6,6.1
2003-06,6.9,6.8,6.4,5.4,6.7,5.7,6.3,7.3,4.9,6.6,6.0,4.2,7.6,5.9,5.4,5.9,5.7,5.8,5.8,4.5,4.9,6.3,6.9,5.5,6.5,6.6,8.5,5.5,5.9,4.4,5.8,5.3,5.7,5.9,12.4,6.8,4.1,6.0,6.1,5.3,4.5,5.0,4.0,5.4,4.3,3.5,4.2,3.5,4.4,7.7,6.9,4.7,6.3
2003-07,6.9,6.8,6.4,5.3,6.9,5.7,6.3,7.3,4.9,6.8,6.0,4.3,7.5,5.9,5.8,5.9,5.8,5.9,5.7,4.6,5.0,6.3,7.1,5.5,6.5,6.7,8.5,5.6,5.9,4.4,5.9,5.2,5.7,5.9,12.0,6.7,4.1,6.0,6.2,5.3,4.5,5.1,3.9,5.4,4.3,3.6,4.2,3.6,4.4,7.7,7.0,4.6,6.2
2003-08,6.9,6.8,6.4,5.3,6.9,5.7,6.1,7.2,4.7,6.6,5.9,4.1,7.4,5.9,5.5,5.8,5.7,5.8,5.7,4.5,4.8,6.2,6.7,5.5,6.3,6.4,8.3,5.5,5.7,4.5,5.6,5.2,5.6,5.9,11.7,6.2,4.0,6.0,6.1,5.2,4.5,5.0,3.9,5.4,4.3,3.5,4.2,3.6,4.3,7.7,7.1,4.5,6.1
2003-09,6.8,6.7,6.5,5.2,6.9,5.6,6.1,7.2,4.7,6.4,5.8,4.1,7.4,5.8,5.3,5.6,5.5,5.8,5.6,4.5,4.8,6.1,6.9,5.5,6.3,6.0,8.2,5.4,5.6,4.5,5.6,5.1,5.5,6.0,11.9,6.0,4.0,6.0,5.9,5.2,4.5,5.2,4.0,5.4,4.3,3.6,4.1,3.5,4.6,7.6,7.1,4.4,6.1
2003-10,6.9,6.7,6.4,5.1,6.7,5.6,6.0,7.2,4.6,6.4,5.7,4.0,7.3,5.8,5.3,5.4,5.4,5.8,5.5,4.5,4.8,6.0,7.0,5.5,6.2,5.8,8.0,5.3,5.6,4.5,5.6,5.1,5.4,6.0,11.3,6.1,3.9,6.0,5.8,5.1,4.4,5.1,3.9,5.4,4.3,3.5,4.0,3.5,4.3,7.6,7.1,4.2,6
2003-11,6.8,6.6,6.4,5.0,6.7,5.5,6.0,7.0,4.5,6.3,5.6,3.9,7.2,5.7,5.2,5.3,5.4,5.7,5.5,4.4,4.9,6.0,6.9,5.6,6.1,5.8,7.9,5.3,5.5,4.5,5.7,5.0,5.4,5.9,12.4,5.8,3.9,5.9,5.7,5.1,4.3,4.9,3.8,5.4,4.3,3.6,4.0,3.6,4.3,7.7,7.2,4.3,5.8
2003-12,6.7,6.5,6.4,5.0,6.6,5.5,6.1,7.0,4.5,6.1,5.5,3.9,7.1,5.7,5.3,5.3,5.4,5.6,5.5,4.5,5.0,5.9,6.8,5.4,5.9,5.9,7.8,5.3,5.5,4.6,5.8,4.9,5.3,5.8,11.1,5.8,3.9,5.9,5.6,5.0,4.3,4.9,3.8,5.4,4.2,3.6,4.0,3.5,4.3,7.7,7.4,4.3,5.7
2004-01,6.6,6.4,6.4,4.9,6.5,5.5,6.1,6.9,4.4,5.9,5.4,3.8,6.9,5.6,5.3,5.3,5.4,5.3,5.4,4.3,5.0,5.9,6.8,5.3,5.8,5.8,7.8,5.1,5.3,4.6,5.6,4.8,5.4,5.8,11.4,5.7,4.0,5.9,5.4,4.9,4.2,4.7,3.6,5.4,4.2,3.6,3.8,3.5,4.2,7.7,7.4,4.2,5.7
2004-02,6.5,6.4,6.3,4.9,6.5,5.5,6.1,7.1,4.3,5.9,5.3,3.7,6.7,5.5,5.3,5.3,5.5,5.3,5.6,4.3,5.0,5.9,6.8,5.2,5.8,5.7,7.6,5.2,5.2,4.6,5.8,4.7,5.3,5.8,11.1,5.6,4.1,5.9,5.4,4.9,4.1,4.7,3.6,5.4,4.2,3.6,3.8,3.6,4.0,7.6,7.4,3.9,5.6
2004-03,6.5,6.3,6.3,4.8,6.4,5.5,6.1,7.1,4.4,5.7,5.2,3.7,6.5,5.4,5.3,5.2,5.3,5.3,5.5,4.2,5.0,5.7,6.8,5.3,5.9,5.5,7.6,5.1,5.2,4.6,5.7,4.6,5.3,5.8,11.8,5.4,4.0,5.9,5.3,4.8,4.1,4.6,3.5,5.4,4.1,3.7,3.9,3.5,3.9,7.5,7.5,3.8,5.8
2004-04,6.4,6.2,6.1,4.7,6.2,5.5,6.1,6.7,4.5,5.7,5.2,3.7,6.3,5.3,5.1,5.2,5.1,5.3,5.5,4.2,4.5,5.6,6.7,5.3,5.8,5.7,7.3,5.0,5.1,4.6,5.6,4.5,5.1,5.8,11.1,5.7,3.8,5.8,5.4,4.8,4.0,4.4,3.4,5.3,4.1,3.5,3.9,3.3,3.8,7.4,7.5,3.9,5.6
2004-05,6.4,6.1,5.9,4.7,6.3,5.5,6.1,7.0,4.6,5.6,5.0,3.7,6.2,5.3,5.2,5.0,5.1,5.3,5.7,4.2,4.6,5.5,6.8,5.2,5.7,5.8,7.3,5.0,5.0,4.7,5.6,4.4,5.1,5.8,10.8,6.1,3.9,5.8,5.3,4.7,4.0,4.4,3.2,5.3,4.1,3.6,3.9,3.4,3.7,7.3,7.6,3.9,5.6
2004-06,6.3,6.1,5.9,4.7,6.1,5.5,6.2,7.1,4.8,5.6,4.9,3.7,6.2,5.2,5.2,5.0,5.0,5.4,5.8,4.3,4.7,5.5,6.9,5.1,5.7,5.7,7.4,4.9,5.2,4.7,5.6,4.3,5.1,5.7,9.8,6.3,3.8,5.8,5.3,4.6,3.9,4.5,3.1,5.3,4.0,3.7,3.9,3.4,3.6,7.4,7.6,3.9,5.6
2004-07,6.2,6.0,5.7,4.6,6.2,5.5,6.2,7.2,4.8,5.3,4.9,3.7,6.1,5.2,5.4,5.0,5.0,5.4,6.0,4.3,4.6,5.5,6.8,5.1,5.6,5.5,7.3,4.9,4.9,4.7,5.5,4.3,5.1,5.6,9.5,6.5,3.8,5.7,5.3,4.6,3.8,4.5,3.0,5.2,4.0,3.7,3.9,3.4,3.6,7.3,7.7,3.9,5.5
2004-08,6.1,5.9,5.6,4.6,6.2,5.5,6.2,7.0,4.9,5.4,4.8,3.7,6.1,5.1,5.3,4.9,4.9,5.5,5.9,4.4,4.6,5.6,6.9,5.1,5.4,5.2,7.4,4.9,4.7,4.7,5.5,4.2,5.1,5.5,11.0,6.7,3.9,5.7,5.3,4.5,3.8,4.7,3.1,5.2,4.0,3.7,4.0,3.5,3.6,7.3,7.6,4.0,5.4
2004-09,6.1,5.9,5.6,4.7,6.1,5.4,6.2,7.1,4.9,5.4,4.7,3.6,6.0,5.0,5.3,4.8,4.8,5.6,5.9,4.3,4.5,5.5,6.9,5.0,5.2,5.3,7.2,4.8,4.8,4.7,5.5,4.2,4.9,5.5,9.7,6.9,4.0,5.7,5.2,4.4,3.7,4.8,3.1,5.1,4.0,3.7,4.0,3.5,3.5,7.3,7.5,4.1,5.4
2004-10,6.0,5.8,5.4,4.6,6.2,5.4,6.2,7.1,5.0,5.4,4.6,3.7,6.0,5.0,5.4,4.7,4.8,5.7,5.9,4.3,4.4,5.5,6.9,4.9,5.3,5.4,7.1,4.8,4.8,4.7,5.5,4.2,4.9,5.4,9.8,7.1,3.9,5.6,5.2,4.3,3.6,4.7,3.1,5.1,3.9,3.7,4.0,3.5,3.5,7.3,7.5,4.0,5.5
2004-11,6.0,5.7,5.3,4.5,6.2,5.3,6.2,7.2,5.1,5.4,4.5,3.6,5.9,5.0,5.4,4.7,4.7,5.6,5.9,4.3,4.3,5.5,7.0,4.7,5.2,5.3,6.9,4.8,4.8,4.6,5.4,4.3,4.8,5.3,10.2,7.1,3.9,5.6,5.0,4.3,3.6,4.7,3.0,5.1,3.9,3.7,4.0,3.4,3.5,7.3,7.4,3.8,5.4
2004-12,5.9,5.6,5.4,4.4,6.0,5.3,6.0,7.2,5.1,5.3,4.3,3.5,5.9,4.9,5.3,4.5,4.7,5.6,5.8,4.2,4.3,5.5,6.8,4.5,5.3,5.2,6.7,4.7,4.6,4.6,5.3,4.4,4.6,5.3,10.7,7.1,3.9,5.6,4.9,4.2,3.6,4.7,3.0,5.1,3.9,3.7,4.0,3.6,3.6,7.2,7.3,3.7,5.4
2005-01,5.9,5.5,5.2,4.2,5.9,5.2,6.0,7.1,5.1,5.2,4.4,3.4,5.8,4.9,5.6,4.5,5.0,5.5,6.0,4.2,4.5,5.2,6.7,4.2,5.5,5.3,6.5,4.9,4.6,4.6,5.4,4.5,4.5,5.2,10.8,6.9,4.2,5.5,4.8,4.1,3.7,4.7,2.9,5.0,3.9,3.9,4.0,3.6,3.5,7.2,7.1,3.6,5.2
2005-02,5.7,5.5,5.1,4.2,5.9,5.2,6.1,7.1,5.1,5.2,4.5,3.4,5.6,4.9,5.5,4.5,4.8,5.5,5.7,4.1,4.4,5.3,6.7,4.1,5.6,5.2,6.4,4.9,4.5,4.5,5.3,4.5,4.4,5.1,10.5,6.8,4.0,5.5,4.7,4.0,3.7,4.8,2.9,5.0,3.8,3.9,3.8,3.5,3.6,7.1,7.0,3.4,5.4
2005-03,5.6,5.4,4.8,4.1,6.0,5.2,6.1,7.1,5.1,5.2,4.4,3.5,5.5,4.9,5.5,4.7,4.9,5.6,5.6,4.2,4.4,5.3,6.6,3.9,5.8,5.0,6.3,5.0,4.6,4.5,5.2,4.5,4.3,5.0,11.6,6.9,4.0,5.4,5.0,4.0,3.7,4.8,2.8,5.0,3.8,3.8,3.9,3.5,3.5,6.9,6.9,3.6,5.2
2005-04,5.5,5.3,5.0,4.0,6.0,5.0,5.9,7.0,5.2,5.3,4.3,3.6,5.6,4.8,5.2,4.7,4.7,5.6,5.5,4.1,4.2,5.3,6.6,3.8,5.9,4.9,6.4,4.9,4.5,4.5,5.1,4.5,4.3,5.0,11.7,6.9,4.0,5.3,4.8,3.9,3.6,4.8,2.8,5.0,3.8,3.7,3.9,3.4,3.4,6.7,6.8,3.7,5.2
2005-05,5.5,5.3,5.1,3.9,6.0,5.0,6.0,6.9,5.3,5.3,4.3,3.6,5.6,4.8,5.2,4.7,4.8,5.7,5.5,4.2,4.2,5.3,6.6,3.8,6.0,4.9,6.3,5.0,4.5,4.4,5.1,4.6,4.3,5.0,10.8,7.1,3.9,5.3,4.8,3.8,3.6,4.9,2.7,5.0,3.7,3.8,4.0,3.5,3.3,6.7,6.7,3.9,5.1
2005-06,5.5,5.3,5.1,3.9,6.0,5.0,5.9,6.9,5.3,5.5,4.4,3.6,5.6,4.8,5.4,4.7,4.8,5.6,5.4,4.2,4.0,5.2,6.7,3.8,6.2,5.0,6.4,5.0,4.6,4.4,5.1,4.6,4.2,5.0,11.2,7.1,3.8,5.2,5.0,3.7,3.6,4.9,2.7,5.0,3.7,3.7,4.1,3.5,3.5,6.7,6.6,3.8,5.1
2005-07,5.4,5.3,5.1,3.8,5.9,5.0,5.8,6.8,5.3,5.5,4.4,3.5,5.5,4.8,5.4,4.7,4.9,5.5,5.4,4.2,3.9,5.1,6.6,3.7,6.3,5.0,6.3,4.9,4.5,4.3,5.1,4.5,4.0,5.0,11.3,6.9,3.9,5.1,5.1,3.7,3.6,4.9,2.7,5.1,3.6,3.6,4.0,3.4,3.5,6.8,6.4,3.9,5
2005-08,5.3,5.4,5.0,3.7,5.8,4.9,5.8,6.8,5.3,5.4,4.5,3.6,5.5,4.8,5.5,4.7,4.8,5.6,5.0,4.2,4.0,5.1,6.8,3.7,6.2,5.0,6.3,5.0,4.5,4.3,5.1,4.5,3.9,5.1,10.9,7.2,3.9,5.1,5.1,3.6,3.6,5.0,2.7,5.1,3.6,3.5,4.0,3.4,3.5,6.8,6.3,3.8,4.9
2005-09,5.3,5.4,5.1,3.6,5.7,4.8,5.8,6.6,5.4,5.3,4.5,3.6,5.5,4.8,5.4,4.7,4.7,5.5,5.1,4.1,4.1,5.1,6.9,3.9,6.3,11.1,6.1,4.8,4.5,4.2,5.0,4.5,4.2,5.2,10.7,10.4,3.8,5.0,5.1,3.6,3.7,5.0,2.7,5.1,3.6,3.5,4.0,3.5,3.5,6.9,6.2,3.8,5
2005-10,5.3,5.5,5.0,3.6,5.5,4.8,5.7,6.5,5.2,5.3,4.6,3.5,5.4,4.8,5.3,4.7,4.7,5.6,5.1,4.1,4.1,5.0,7.0,3.9,6.3,11.3,6.0,4.9,4.5,4.1,5.0,4.4,4.1,5.2,12.1,9.4,3.7,4.9,5.0,3.5,3.6,4.9,2.7,5.1,3.5,3.5,4.1,3.4,3.7,7.0,6.2,3.8,5
2005-11,5.2,5.4,5.0,3.6,5.3,4.8,5.6,6.6,5.2,5.1,4.7,3.4,5.3,4.8,5.1,4.6,4.7,5.5,5.1,4.0,4.0,4.9,6.9,3.5,6.3,11.4,5.8,4.7,4.4,4.1,4.9,4.3,3.9,5.1,12.8,9.3,3.6,4.8,4.9,3.4,3.6,4.7,2.6,5.1,3.5,3.4,4.0,3.2,3.5,7.0,6.1,3.6,5
2005-12,5.1,5.3,4.9,3.5,5.4,4.7,5.6,6.7,5.1,5.0,4.8,3.3,5.0,4.8,5.2,4.5,4.8,5.4,5.0,3.9,4.3,4.9,6.8,3.5,6.3,6.3,5.6,4.6,4.3,4.0,4.8,4.2,3.7,5.0,11.4,8.3,3.8,4.7,4.7,3.4,3.5,4.7,2.6,5.1,3.5,3.5,4.0,3.3,3.5,7.0,6.0,3.4,4.8
2006-01,5.1,5.3,4.9,3.5,5.2,4.7,5.5,6.8,4.9,4.8,4.8,3.1,4.9,4.8,5.0,4.4,4.7,5.3,4.8,3.8,4.2,4.7,6.5,3.6,6.1,4.6,5.5,4.6,4.0,4.0,4.5,4.2,3.5,5.0,11.5,7.6,3.1,4.6,4.5,3.3,3.5,4.6,2.5,5.1,3.4,3.2,3.8,3.2,3.7,7.0,5.9,3.5,4.7
2006-02,4.9,5.2,4.8,3.4,4.9,4.6,5.3,6.9,4.8,4.7,4.7,3.0,4.8,4.8,5.1,4.3,4.7,5.2,4.6,3.7,4.2,4.3,6.4,3.4,6.1,4.2,5.4,4.5,3.9,3.9,4.3,4.2,3.3,5.1,10.3,7.2,2.9,4.5,4.4,3.3,3.5,4.5,2.5,5.2,3.4,3.1,3.7,3.2,3.7,6.9,5.9,3.5,4.8
2006-03,4.9,5.1,4.9,3.3,4.9,4.6,5.3,6.8,4.6,4.6,4.7,2.9,4.8,4.8,5.0,4.2,4.8,5.3,4.6,3.6,4.1,4.5,6.4,3.4,6.0,4.1,5.3,4.4,4.1,3.9,4.4,4.2,3.2,5.1,9.4,6.4,3.0,4.5,4.4,3.2,3.4,4.4,2.7,5.2,3.4,3.1,3.6,3.1,3.7,6.8,5.9,3.3,4.7
2006-04,5.0,5.1,4.7,3.3,4.7,4.6,5.4,6.7,4.6,4.6,4.8,3.0,4.9,4.8,4.9,4.2,4.5,5.3,4.7,3.7,4.0,4.5,6.4,3.5,5.9,3.9,5.3,4.1,4.1,3.8,4.4,4.3,3.2,5.2,10.1,6.5,3.1,4.4,4.5,3.1,3.4,4.3,2.7,5.1,3.3,3.0,3.6,3.1,3.4,6.7,5.9,3.4,4.7
2006-05,4.9,5.0,4.6,3.3,4.6,4.6,5.4,6.6,4.7,4.7,4.7,2.9,5.0,4.8,5.1,4.2,4.6,5.4,4.7,3.8,3.9,4.6,6.3,3.5,5.8,3.9,5.3,4.3,4.1,3.8,4.4,4.3,3.1,5.2,11.1,6.5,3.0,4.3,4.7,3.1,3.4,4.6,2.7,5.1,3.3,3.1,3.6,3.2,3.5,6.6,5.8,3.4,4.7
2006-06,4.9,5.0,4.7,3.3,4.5,4.6,5.4,6.8,4.7,4.8,4.7,3.0,5.0,4.8,5.1,4.2,4.6,5.4,4.8,3.9,3.8,4.5,6.4,3.5,5.9,3.6,5.3,4.4,4.1,3.7,4.4,4.3,3.0,5.2,10.8,6.5,3.0,4.2,4.7,3.0,3.5,4.7,2.6,5.1,3.3,3.1,3.5,3.2,3.7,6.4,5.7,3.1,4.6
2006-07,4.8,4.9,4.7,3.3,4.5,4.6,5.5,6.9,4.6,4.8,4.7,3.0,4.9,4.8,5.1,4.1,4.6,5.3,4.8,3.9,3.9,4.5,6.2,3.5,5.9,3.2,5.3,4.5,4.1,3.7,4.4,4.3,3.0,5.2,11.0,6.7,3.1,4.1,4.8,3.0,3.5,4.8,2.5,5.1,3.2,3.1,3.5,3.2,3.8,6.4,5.8,3.0,4.7
2006-08,4.9,4.9,4.5,3.4,4.5,4.6,5.5,7.0,4.6,4.8,4.7,3.1,5.0,4.8,5.0,3.9,4.6,5.2,5.0,3.9,3.9,4.5,6.4,3.5,5.8,3.7,5.4,4.6,4.2,3.7,4.4,4.3,2.9,5.3,10.3,6.6,3.1,4.1,4.9,2.9,3.5,4.8,2.4,5.0,3.2,3.1,3.5,3.2,3.9,6.4,5.7,3.2,4.7
2006-09,4.8,4.8,4.4,3.4,4.5,4.5,5.5,7.1,4.6,4.9,4.7,3.1,5.0,4.8,4.9,4.0,4.7,5.0,5.0,3.8,4.1,4.3,6.3,3.6,5.9,3.9,5.3,4.6,4.2,3.7,4.3,4.3,2.8,5.2,11.0,6.8,3.1,4.0,4.8,2.9,3.5,4.8,2.3,5.0,3.2,3.1,3.5,3.1,3.9,6.4,5.7,3.4,4.5
2006-10,4.8,4.8,4.4,3.4,4.3,4.4,5.4,7.1,4.6,4.8,4.5,3.0,4.9,4.7,4.9,4.0,4.6,5.0,5.1,3.8,4.2,4.2,6.3,3.5,5.8,4.2,5.3,4.4,4.2,3.7,4.3,4.4,2.7,5.2,9.2,6.7,3.1,3.9,4.7,2.9,3.6,4.8,2.3,4.9,3.2,3.1,3.4,3.3,3.9,6.4,5.7,3.2,4.4
2006-11,4.8,4.7,4.3,3.5,4.3,4.4,5.5,7.0,4.5,4.8,4.4,3.0,4.9,4.7,4.7,4.0,4.6,4.9,4.9,3.7,4.2,4.1,6.2,3.4,5.8,4.1,5.3,4.4,4.2,3.7,4.3,4.4,2.6,5.2,9.8,6.9,3.0,3.8,4.5,2.8,3.6,4.7,2.2,4.9,3.2,3.0,3.3,3.4,3.8,6.3,5.6,3.0,4.5
2006-12,4.9,4.6,4.3,3.5,4.5,4.3,5.5,7.1,4.5,4.7,4.3,2.9,4.8,4.7,4.7,3.9,4.8,4.7,4.8,3.6,4.4,3.9,6.0,3.5,5.5,4.0,5.2,4.3,4.2,3.7,4.2,4.4,2.6,5.1,10.0,6.7,3.0,3.7,4.3,2.8,3.6,4.5,2.2,4.9,3.2,3.0,3.2,3.1,3.8,6.3,5.6,3.0,4.4
2007-01,5.0,4.5,4.4,3.6,4.7,4.3,5.4,7.0,4.3,4.5,4.2,2.8,4.6,4.6,4.8,3.9,4.8,4.6,4.6,3.5,4.5,3.9,5.8,3.3,5.7,3.8,5.0,4.4,4.1,3.7,4.0,4.4,2.5,5.1,9.9,6.3,2.8,3.7,4.1,2.8,3.7,4.4,2.4,4.8,3.2,3.0,3.2,3.1,4.0,6.1,5.5,2.8,4.6
2007-02,5.0,4.4,4.4,3.6,4.9,4.3,5.5,6.9,4.2,4.5,4.2,2.8,4.4,4.6,4.8,3.8,5.0,4.6,4.9,3.5,4.6,3.8,5.7,3.3,5.7,3.8,5.0,4.4,4.2,3.7,4.2,4.4,2.4,5.1,11.3,6.5,2.9,3.6,4.3,2.8,3.7,4.5,2.4,4.8,3.2,3.0,3.3,3.2,4.0,6.0,5.5,2.8,4.5
2007-03,5.0,4.4,4.3,3.7,4.7,4.2,5.5,6.9,4.3,4.4,4.2,2.8,4.4,4.5,4.6,3.7,4.9,4.5,4.7,3.4,4.6,3.6,5.6,3.4,5.6,3.9,5.0,4.4,4.2,3.7,4.0,4.4,2.4,5.0,10.5,6.4,2.7,3.6,4.2,2.8,3.7,4.5,2.5,4.9,3.2,2.9,3.4,3.1,4.0,6.0,5.4,2.9,4.4
2007-04,5.2,4.4,4.4,3.8,4.9,4.2,5.6,7.0,4.4,4.7,4.3,2.9,4.4,4.5,4.6,3.7,4.9,4.5,4.7,3.4,4.7,3.6,5.5,3.4,5.5,4.0,5.0,4.4,4.2,3.7,4.1,4.4,2.5,5.1,10.4,6.4,2.8,3.5,4.3,2.8,3.7,4.6,2.4,4.9,3.3,3.0,3.5,3.2,4.1,6.0,5.4,3.0,4.5
2007-05,5.2,4.4,4.5,3.8,4.9,4.3,5.6,7.0,4.4,4.8,4.2,2.9,4.5,4.5,4.4,3.6,4.7,4.7,4.8,3.5,4.6,3.7,5.4,3.5,5.6,4.0,5.1,4.4,4.3,3.7,4.2,4.5,2.6,5.1,10.5,6.2,3.1,3.5,4.3,2.8,3.6,4.7,2.5,5.0,3.3,2.9,3.4,3.1,3.9,6.0,5.4,3.1,4.5
2007-06,5.3,4.3,4.6,4.0,5.1,4.3,5.7,7.1,4.5,4.7,4.2,3.0,4.5,4.4,4.5,3.6,4.7,4.7,5.0,3.5,4.5,3.7,5.5,3.5,5.5,3.7,5.1,4.4,4.2,3.7,4.1,4.6,2.7,5.1,11.2,6.2,3.1,3.5,4.3,2.9,3.5,4.6,2.5,5.0,3.4,2.8,3.4,3.1,3.9,6.1,5.5,3.0,4.6
2007-07,5.3,4.3,4.7,4.1,5.1,4.3,5.6,7.0,4.5,4.7,4.2,2.9,4.6,4.4,4.4,3.7,4.6,4.7,5.1,3.5,4.5,3.8,5.6,3.5,5.5,3.6,5.2,4.5,4.2,3.7,4.0,4.7,2.7,5.2,11.3,6.3,3.1,3.5,4.4,3.0,3.5,4.7,2.6,5.2,3.4,2.8,3.4,3.0,3.9,6.2,5.5,3.0,4.7
2007-08,5.5,4.4,4.7,4.2,5.2,4.4,5.7,7.2,4.6,4.8,4.2,3.1,4.5,4.4,4.5,3.7,4.7,4.9,5.2,3.5,4.6,3.9,5.5,3.6,5.5,3.7,5.2,4.6,4.0,3.8,4.0,4.8,2.8,5.2,11.5,6.1,3.0,3.5,4.5,3.0,3.4,4.7,2.7,5.3,3.5,2.8,3.3,3.1,3.9,6.2,5.5,2.9,4.7
2007-09,5.6,4.4,4.6,4.3,5.3,4.4,5.7,7.2,4.7,4.9,4.3,3.1,4.7,4.4,4.5,3.8,4.6,5.1,5.3,3.6,4.7,4.1,5.6,3.5,5.5,3.7,5.2,4.7,4.0,3.8,4.0,4.9,2.9,5.1,11.1,6.2,3.1,3.5,4.5,3.1,3.4,4.8,2.8,5.4,3.6,2.8,3.4,3.2,4.0,6.3,5.6,2.8,4.7
2007-10,5.7,4.4,4.6,4.5,5.4,4.5,5.7,7.4,4.8,4.9,4.3,3.2,4.7,4.4,4.6,4.0,4.6,5.3,5.4,3.6,4.7,4.0,5.6,3.5,5.5,3.5,5.3,4.8,3.9,3.8,4.0,5.0,2.9,5.1,11.5,6.3,3.1,3.5,4.5,3.3,3.3,4.8,2.8,5.6,3.6,2.8,3.6,3.1,4.1,6.2,5.6,2.7,4.8
2007-11,5.7,4.4,4.6,4.7,5.4,4.5,5.7,7.3,4.9,5.0,4.4,3.3,4.6,4.5,4.6,4.2,4.5,5.3,5.3,3.6,4.6,4.1,5.7,3.7,5.3,3.7,5.2,4.9,3.8,3.8,4.0,5.1,2.9,5.0,11.2,6.2,3.2,3.6,4.4,3.4,3.4,4.7,2.9,5.8,3.7,2.7,3.7,3.0,4.0,6.3,5.7,2.8,4.7
2007-12,5.9,4.4,4.6,4.8,5.6,4.6,5.8,7.3,5.1,5.0,4.5,3.3,4.6,4.5,4.5,4.3,4.5,5.3,5.3,3.6,4.8,4.1,5.8,3.8,5.5,3.9,5.3,4.9,3.6,3.8,4.1,5.2,3.0,4.9,10.9,6.1,2.7,3.6,4.3,3.6,3.5,4.7,3.1,6.0,3.8,2.7,3.8,3.1,4.0,6.3,5.8,2.9,4.9
2008-01,6.1,4.4,4.7,5.0,5.8,4.6,5.7,7.3,5.2,5.0,4.6,3.4,4.6,4.6,4.8,4.4,4.4,5.3,5.5,3.6,4.8,4.3,5.7,3.9,5.5,3.8,5.3,5.0,3.3,3.9,3.9,5.3,3.2,4.8,10.7,6.0,3.0,3.7,4.1,3.7,3.5,4.8,3.0,6.3,3.9,2.7,3.9,3.0,4.3,6.4,5.9,2.7,4.9
2008-02,6.2,4.5,4.6,5.2,5.9,4.8,5.9,7.4,5.4,5.2,4.7,3.5,4.7,4.6,5.0,4.5,4.5,5.5,5.5,3.7,5.0,4.5,5.7,4.1,5.6,3.8,5.4,5.2,3.2,3.9,4.0,5.5,3.3,4.8,11.1,5.9,3.0,3.8,4.2,3.9,3.7,4.9,3.1,6.5,4.0,2.7,4.0,3.0,4.4,6.5,6.1,2.8,4.8
2008-03,6.4,4.6,4.8,5.4,6.0,4.9,6.1,7.6,5.6,5.4,4.8,3.6,4.8,4.7,5.3,4.7,4.4,5.7,5.6,3.8,5.1,4.6,5.9,4.3,5.9,4.2,5.5,5.3,3.3,3.9,4.1,5.6,3.3,4.8,9.8,6.1,3.1,3.9,4.2,4.1,3.7,5.0,3.1,6.8,4.1,2.8,4.1,3.0,4.6,6.5,6.2,2.9,5.1
2008-04,6.6,4.6,5.0,5.6,6.2,5.0,6.2,7.9,5.8,5.7,5.0,3.7,4.9,4.8,5.4,4.9,4.5,6.0,5.6,4.0,5.4,4.7,6.2,4.5,6.1,4.1,5.6,5.2,3.5,4.0,4.2,5.8,3.3,4.9,10.5,6.4,3.3,3.9,4.3,4.3,3.7,5.1,3.5,7.1,4.2,2.9,4.2,3.0,4.6,6.6,6.4,2.9,5
2008-05,6.8,4.7,5.2,5.8,6.4,5.1,6.3,8.2,5.9,5.9,5.1,3.8,5.1,4.9,5.3,5.2,4.4,6.2,5.8,4.1,5.3,4.7,6.3,4.7,6.2,4.1,5.7,5.4,3.6,4.0,4.3,6.1,3.3,4.9,11.3,6.8,3.2,4.0,4.3,4.5,3.7,5.1,3.6,7.4,4.3,2.9,4.4,3.1,4.5,6.6,6.6,3.0,5.5
2008-06,7.1,4.8,5.3,6.0,6.6,5.3,6.4,8.1,6.1,6.1,5.2,3.9,5.2,5.1,5.6,5.5,4.4,6.4,5.8,4.3,5.3,4.8,6.5,4.9,6.4,4.2,5.9,5.5,3.8,4.1,4.3,6.4,3.3,5.0,11.2,6.9,3.3,4.1,4.3,4.7,3.7,5.2,3.9,7.7,4.4,2.9,4.6,3.1,4.5,6.6,6.8,3.2,5.6
2008-07,7.3,4.9,5.4,6.3,6.7,5.4,6.7,8.3,6.2,6.3,5.5,4.0,5.3,5.2,6.0,5.7,4.6,6.6,6.1,4.4,5.4,4.9,6.9,5.1,6.5,4.4,6.3,5.8,3.9,4.1,4.3,6.7,3.4,5.0,11.5,7.3,3.3,4.2,4.2,5.0,3.8,5.4,4.0,7.9,4.5,3.0,4.8,3.3,4.6,6.7,7.0,3.3,5.8
2008-08,7.6,5.0,5.7,6.5,6.7,5.5,6.7,8.6,6.4,6.6,5.7,4.1,5.4,5.4,6.0,5.9,4.7,6.6,6.2,4.5,5.4,4.9,7.3,5.2,6.7,4.8,6.5,6.1,3.9,4.2,4.4,7.0,3.4,5.1,12.0,7.3,3.3,4.3,4.2,5.2,3.9,5.4,4.2,8.3,4.6,3.1,5.1,3.3,4.7,6.7,7.2,3.4,6.2
2008-09,7.8,5.1,5.8,6.7,6.7,5.6,6.8,8.9,6.6,6.8,5.8,4.1,5.5,5.6,6.1,6.0,4.7,6.9,6.3,4.6,5.4,5.0,7.5,5.4,6.9,5.6,6.8,6.0,4.0,4.2,4.6,7.3,3.4,5.2,12.0,7.4,3.4,4.4,4.3,5.4,3.9,5.6,4.4,8.5,4.7,3.2,5.2,3.3,4.8,6.7,7.4,3.2,6.2
2008-10,8.0,5.3,5.9,6.9,6.8,5.8,6.9,9.1,6.9,7.0,6.0,4.3,5.9,5.8,6.4,6.2,4.9,6.9,6.5,4.8,5.6,5.3,7.8,5.7,6.9,5.5,7.2,6.1,4.2,4.3,4.7,7.7,3.5,5.4,12.3,7.2,3.6,4.5,4.3,5.6,4.0,5.7,4.6,8.8,4.8,3.2,5.5,3.2,4.9,6.8,7.7,3.2,6.6
2008-11,8.3,5.4,6.3,7.2,6.9,6.1,7.1,9.6,7.1,7.5,6.3,4.6,6.1,6.1,7.0,6.4,5.4,7.2,6.8,5.1,6.1,5.4,8.2,6.2,7.2,5.3,7.8,6.3,4.4,4.3,4.8,8.0,3.8,5.5,12.6,7.4,3.6,4.6,4.3,5.8,4.1,6.2,4.9,9.1,4.9,3.4,5.6,3.2,5.3,6.8,8.0,3.1,6.8
2008-12,8.7,5.6,6.6,7.6,7.2,6.4,7.4,10.2,7.5,8.1,6.8,5.0,6.5,6.4,7.8,6.6,5.9,7.6,7.1,5.4,6.6,5.8,8.8,6.5,7.6,5.5,8.3,6.6,4.6,4.4,5.0,8.4,4.1,5.7,13.5,7.8,3.9,4.7,4.5,6.1,4.3,6.5,5.1,9.4,5.0,3.7,5.7,3.3,5.9,6.8,8.2,3.2,7.2
2009-01,10.1,6.4,7.0,8.8,7.8,7.0,8.8,11.6,8.5,9.7,7.3,6.0,7.8,7.4,9.3,7.0,7.0,8.6,8.1,6.2,7.5,6.6,10.3,7.8,8.8,5.1,9.8,7.3,5.0,4.8,5.8,9.4,4.6,6.4,13.0,8.7,4.3,5.1,5.2,6.5,5.2,7.7,6.1,10.3,5.6,4.4,6.7,4.2,6.8,7.8,9.2,3.7,7.6
2009-02,10.6,6.5,7.8,9.6,8.6,7.5,9.5,12.0,9.2,10.7,8.2,6.6,8.3,7.7,9.4,7.4,7.8,9.0,8.3,6.8,8.0,7.2,10.9,8.4,9.3,5.7,10.7,7.4,5.5,4.9,5.9,10.0,5.1,6.4,14.3,9.1,4.3,5.4,6.0,6.7,5.7,7.8,6.5,10.5,6.0,4.6,7.3,4.3,7.1,7.9,9.9,3.9,8.1
2009-03,11.2,6.7,7.8,9.8,9.0,7.8,9.7,12.6,9.2,10.8,8.3,6.8,9.1,7.7,10.0,7.8,8.5,9.6,8.7,6.9,8.2,7.5,11.4,9.0,9.8,5.8,11.9,7.5,5.9,5.2,6.1,10.4,5.2,6.5,15.0,9.4,4.7,5.9,6.8,7.0,6.2,8.1,7.1,10.6,6.1,4.9,7.6,4.2,7.2,8.4,9.7,4.5,8.5
2009-04,11.0,6.7,7.7,9.6,9.4,7.8,10.2,12.9,9.3,10.8,8.4,6.8,9.1,8.0,9.9,7.7,8.6,9.9,8.1,6.8,8.1,7.4,11.5,9.0,9.8,6.2,12.0,7.9,6.2,5.1,6.4,10.6,5.2,6.5,15.4,9.1,4.4,5.8,7.5,7.0,6.3,7.9,6.9,11.1,6.0,4.8,7.5,4.0,7.1,8.0,9.9,4.5,8.9
